customer_id,customer_name,gender,contact_number,email,address
1,Barbie Lindhe,Female,710-717-2970,blindhe0@shareasale.com,18 Chive Court
2,Brennen Ladyman,Male,861-775-9191,bladyman1@sciencedaily.com,989 Loeprich Drive
3,Park Shepherd,Male,483-228-7842,pshepherd2@pagesperso-orange.fr,00390 Fair Oaks Road
4,Bertrando Ruspine,Male,561-796-2829,bruspine3@eepurl.com,6882 Bartillon Circle
5,Ave Pitcaithley,Male,444-602-7849,apitcaithley4@constantcontact.com,77 Sloan Lane
6,Olympia Hannan,Female,437-771-2033,ohannan5@nsw.gov.au,4 Valley Edge Alley
7,Zabrina Germain,Female,538-356-6947,zgermain6@feedburner.com,448 Bashford Place
8,Dev de Courcey,Non-binary,196-557-6253,dde7@ning.com,6252 Johnson Crossing
9,Zared Forrest,Male,474-878-3233,zforrest8@cbsnews.com,27655 Fairview Center
10,Constantin Oddy,Male,565-422-0960,coddy9@comsenz.com,42 Cordelia Circle
11,Calli Mannock,Female,365-550-9008,cmannocka@cocolog-nifty.com,8694 Charing Cross Terrace
12,Arluene Rocca,Female,318-697-0801,aroccab@studiopress.com,947 Di Loreto Place
13,Karlis Bridgeman,Male,528-392-6555,kbridgemanc@nytimes.com,1 Drewry Pass
14,Brenden Jenne,Male,922-594-0652,bjenned@mozilla.org,08093 Del Sol Parkway
15,Clementina Paffot,Female,206-688-1884,cpaffote@nature.com,48307 6th Hill
16,Kliment Annott,Male,622-540-8869,kannottf@hc360.com,41 Dottie Hill
17,Eadith Whitney,Female,786-161-9821,ewhitneyg@ning.com,94 Annamark Pass
18,Burton Angrave,Male,432-609-5737,bangraveh@qq.com,8 Melody Pass
19,Justinian Barfitt,Male,305-348-9332,jbarfitti@indiatimes.com,5 Sachs Road
20,Twila Eles,Female,258-470-5968,telesj@networksolutions.com,60 Ronald Regan Court
21,Cross Whittenbury,Male,653-905-8574,cwhittenburyk@sbwire.com,31 Corry Way
22,Cinda Storms,Female,305-291-2648,cstormsl@washington.edu,2691 Cambridge Court
23,Sheffy Loveredge,Male,834-733-2893,sloveredgem@simplemachines.org,704 Artisan Terrace
24,Benoite Guillond,Female,906-664-1997,bguillondn@qq.com,1 Pond Hill
25,Bee Durnell,Female,533-204-4721,bdurnello@usatoday.com,1 Maple Wood Avenue
26,Terri Melloy,Male,882-515-5591,tmelloyp@macromedia.com,31169 Monument Point
27,Aili Barus,Female,243-647-6197,abarusq@independent.co.uk,542 Jenna Park
28,Grantley Fruchon,Male,916-934-6470,gfruchonr@independent.co.uk,5356 Maple Road
29,Violetta Machel,Female,579-633-4959,vmachels@archive.org,933 Maywood Road
30,Krystal Crimpe,Female,891-470-0849,kcrimpet@altervista.org,76 Crescent Oaks Hill
31,Helene Schimon,Female,881-996-4154,hschimonu@flickr.com,3 Heffernan Alley
32,Mariann Coldbathe,Polygender,986-378-3709,mcoldbathev@un.org,738 Sutteridge Drive
33,Auberta Wordley,Female,474-424-9384,awordleyw@twitpic.com,4 Montana Point
34,Kimberly Parley,Female,683-881-1002,kparleyx@google.co.uk,1 7th Lane
35,Lanny Donoher,Female,746-493-5408,ldonohery@cdc.gov,4482 Harper Drive
36,Gretel Doggett,Female,198-185-7298,gdoggettz@weibo.com,792 Mcbride Road
37,Isiahi Simms,Male,969-414-2805,isimms10@japanpost.jp,58719 Lukken Pass
38,Dougie Ginman,Male,547-181-3251,dginman11@cnbc.com,1 Glacier Hill Terrace
39,Jenni Devote,Female,793-823-9741,jdevote12@theglobeandmail.com,86294 John Wall Street
40,Mirabella Rimington,Female,602-197-2175,mrimington13@usatoday.com,4633 Clemons Road
41,Thaddus Booij,Male,857-308-2594,tbooij14@sciencedirect.com,16 Monterey Place
42,Ivette Cossell,Female,215-427-1167,icossell15@biglobe.ne.jp,09491 Bluejay Road
43,Hynda Camelia,Female,991-673-6099,hcamelia16@aol.com,66 Morningstar Plaza
44,Meredith Tavener,Female,136-564-8463,mtavener17@mashable.com,3 Carpenter Alley
45,Leroi Walcar,Male,983-843-7956,lwalcar18@mashable.com,8 Lotheville Parkway
46,Renado MacTerlagh,Male,232-756-7843,rmacterlagh19@tinypic.com,13387 Hollow Ridge Court
47,Tynan Orneblow,Male,427-442-0304,torneblow1a@is.gd,2181 Westridge Circle
48,Marcel McJarrow,Male,605-250-3081,mmcjarrow1b@live.com,845 Randy Avenue
49,Angelique Yakubowicz,Female,127-309-0728,ayakubowicz1c@microsoft.com,9101 Farwell Parkway
50,Doralia Starsmeare,Female,802-713-4137,dstarsmeare1d@cloudflare.com,7 Spenser Plaza
51,Ingram Tucknott,Male,818-552-5678,itucknott1e@instagram.com,3366 Russell Alley
52,Arlin Newsome,Male,844-269-3445,anewsome1f@cargocollective.com,7533 Melby Place
53,Mattie Bassingden,Female,566-601-1655,mbassingden1g@ycombinator.com,4 Schiller Place
54,Geordie McQuaker,Non-binary,191-826-2256,gmcquaker1h@psu.edu,4733 Dahle Hill
55,Wells Micallef,Agender,357-814-1034,wmicallef1i@tinypic.com,4927 Scoville Alley
56,Tiertza Brozsset,Female,449-276-3896,tbrozsset1j@hubpages.com,48697 Village Green Court
57,Merrel Tunnacliffe,Male,226-811-2586,mtunnacliffe1k@digg.com,1424 Maryland Parkway
58,Jan Le-Good,Male,561-553-1775,jlegood1l@jalbum.net,02774 Maywood Center
59,Rollo Syms,Male,904-975-6681,rsyms1m@t.co,1 Sutherland Court
60,Anni Verrills,Female,665-445-9476,averrills1n@techcrunch.com,95247 Oneill Pass
61,Nikita Shakesbye,Male,700-724-5037,nshakesbye1o@artisteer.com,6 Forest Dale Plaza
62,Marlene Lidgey,Female,970-166-2918,mlidgey1p@wp.com,33895 Northland Parkway
63,Wanda Sizeland,Female,492-575-6572,wsizeland1q@berkeley.edu,31963 Hauk Alley
64,Eolande Jewise,Female,465-476-9894,ejewise1r@bloglines.com,286 Twin Pines Pass
65,Brandice Matessian,Female,819-576-3781,bmatessian1s@cocolog-nifty.com,13107 Delladonna Trail
66,Ettie Matteotti,Female,757-477-0076,ematteotti1t@naver.com,080 Tony Place
67,Hannie Cutchie,Female,202-660-1402,hcutchie1u@geocities.jp,260 Oxford Street
68,Jerrold McGraw,Male,542-693-5860,jmcgraw1v@prnewswire.com,61200 Summit Way
69,Ariel Probey,Female,717-655-7493,aprobey1w@ameblo.jp,09 Monument Lane
70,Kalle Vallack,Male,252-944-8376,kvallack1x@storify.com,6320 Hoard Park
71,Tobin Jodrellec,Male,668-210-7544,tjodrellec1y@geocities.jp,7780 Veith Center
72,Westleigh Leemans,Male,771-476-5432,wleemans1z@hud.gov,09 8th Center
73,Howard Matonin,Male,411-498-1846,hmatonin20@ed.gov,8944 Fieldstone Point
74,Kaitlin Christophersen,Female,386-923-6425,kchristophersen21@nasa.gov,15333 Meadow Valley Avenue
75,Chanda Jacquemet,Genderqueer,203-763-8049,cjacquemet22@wikia.com,00 Schlimgen Trail
76,Chaddie Ralls,Male,255-372-0881,cralls23@opera.com,15006 Loftsgordon Park
77,Shayna Bertot,Female,389-522-0264,sbertot24@naver.com,3216 Gulseth Place
78,Tracie Doxey,Male,353-513-1625,tdoxey25@bandcamp.com,16 North Crossing
79,Desiree Vel,Female,114-670-6801,dvel26@apache.org,3 Schlimgen Pass
80,Cinderella Kenlin,Female,110-774-3765,ckenlin27@earthlink.net,20 Bartelt Circle
81,Bari Michel,Female,304-879-5228,bmichel28@yellowbook.com,4 Badeau Center
82,Theda Royall,Female,351-702-4605,troyall29@earthlink.net,66 Troy Trail
83,Marline Tudbald,Female,328-111-2545,mtudbald2a@wix.com,9 Pleasure Trail
84,Hulda Agus,Female,585-394-0294,hagus2b@biglobe.ne.jp,47 Bunker Hill Terrace
85,Nevins Thompson,Male,846-801-8105,nthompson2c@goodreads.com,06448 Mallard Pass
86,Gherardo Feeham,Male,280-134-4747,gfeeham2d@chronoengine.com,6 Milwaukee Crossing
87,Rene Compfort,Female,101-506-1010,rcompfort2e@ft.com,775 Buell Parkway
88,Artie Santino,Male,688-953-1735,asantino2f@tinypic.com,11 Luster Court
89,Piggy Barthrop,Male,211-640-9143,pbarthrop2g@liveinternet.ru,0413 Glacier Hill Court
90,Allegra McGettrick,Female,870-677-9480,amcgettrick2h@samsung.com,17 Westridge Point
91,Bond Girkins,Male,666-184-4070,bgirkins2i@issuu.com,3516 Carberry Center
92,Ezekiel De Marchi,Male,967-433-2163,ede2j@twitter.com,3012 Barnett Junction
93,Dimitri Norree,Male,141-469-5818,dnorree2k@tmall.com,934 Straubel Lane
94,Seth Woodwin,Male,540-561-1125,swoodwin2l@chicagotribune.com,5626 Straubel Trail
95,Natale Abeau,Male,932-918-3076,nabeau2m@tinyurl.com,299 Hanover Road
96,Ariana Toon,Female,262-194-2048,atoon2n@canalblog.com,735 Barby Alley
97,Rheta Oakden,Female,510-796-6144,roakden2o@eventbrite.com,14101 Havey Terrace
98,Cammie Gecks,Female,377-385-9079,cgecks2p@plala.or.jp,9 Hoard Avenue
99,Jone Rikard,Male,588-110-5834,jrikard2q@acquirethisname.com,33 Union Road
100,Earlie Ray,Male,736-937-3618,eray2r@alibaba.com,89290 Riverside Avenue
101,Myron Blades,Male,266-262-4340,mblades2s@va.gov,86871 Parkside Park
102,Lauren Decruse,Male,262-895-3321,ldecruse2t@symantec.com,83634 Gerald Street
103,Laurie Josefowicz,Male,912-823-4186,ljosefowicz2u@istockphoto.com,295 Prentice Alley
104,Nita Gillum,Female,613-104-9966,ngillum2v@chronoengine.com,9354 Hanson Parkway
105,Dex Durant,Male,202-483-2845,ddurant2w@hugedomains.com,237 Petterle Junction
106,Shurlocke Fannin,Male,473-462-6051,sfannin2x@guardian.co.uk,4864 Forest Dale Trail
107,Fabian Bristow,Male,915-116-8375,fbristow2y@wufoo.com,570 Washington Street
108,Welsh Camerello,Male,795-974-3504,wcamerello2z@state.tx.us,820 Cascade Junction
109,Alfy Thacke,Female,469-218-3695,athacke30@dmoz.org,19309 Golden Leaf Crossing
110,Filbert Liell,Bigender,292-867-3750,fliell31@php.net,5 Gina Avenue
111,Philly Saltwell,Female,790-486-9555,psaltwell32@vimeo.com,90747 Springs Place
112,Elyssa Brahams,Female,245-162-6076,ebrahams33@nydailynews.com,43 Hanover Way
113,Clayborne Cords,Male,704-234-9532,ccords34@dailymotion.com,30 Killdeer Center
114,Nahum Warman,Male,696-268-8836,nwarman35@vistaprint.com,860 Merrick Junction
115,Mariel Billsberry,Female,957-208-3717,mbillsberry36@telegraph.co.uk,56932 Warrior Alley
116,Leanora Mycroft,Agender,440-989-8313,lmycroft37@ucoz.com,222 Nancy Alley
117,Paulie Basnall,Male,271-488-9667,pbasnall38@bing.com,3 Warbler Road
118,Morgan Muddiman,Female,979-928-8692,mmuddiman39@vk.com,2 Boyd Pass
119,Teresina Armall,Female,884-269-4854,tarmall3a@microsoft.com,11 Susan Alley
120,Daisy Davidofski,Female,398-436-1837,ddavidofski3b@php.net,2 Helena Terrace
121,Darrick Lillegard,Male,981-866-7690,dlillegard3c@hao123.com,047 Manley Trail
122,Alic Pridie,Male,984-798-0778,apridie3d@friendfeed.com,39002 Tomscot Crossing
123,Charmion Luna,Female,170-910-4589,cluna3e@elpais.com,8 Kingsford Drive
124,Oswell Hadcock,Polygender,356-534-3572,ohadcock3f@timesonline.co.uk,03 Thierer Drive
125,Jeremias Huddle,Male,615-685-4388,jhuddle3g@typepad.com,152 Parkside Center
126,Marylou Benech,Female,703-429-9445,mbenech3h@phpbb.com,3843 7th Drive
127,Idell Catherick,Female,789-662-5499,icatherick3i@latimes.com,9 Upham Center
128,Wyn Kerner,Male,197-198-4632,wkerner3j@ezinearticles.com,5986 Stone Corner Park
129,Carlie Kristufek,Female,364-625-9823,ckristufek3k@stanford.edu,47733 Tomscot Lane
130,Corey Twiggins,Agender,403-273-6949,ctwiggins3l@godaddy.com,41004 Sunnyside Hill
131,Rici Sate,Female,975-109-7902,rsate3m@smh.com.au,8564 Drewry Plaza
132,Alessandra Pavolini,Female,367-511-9821,apavolini3n@mac.com,6 Bobwhite Avenue
133,Alfy Shoreson,Male,196-889-5206,ashoreson3o@soundcloud.com,95 Hudson Place
134,Jilli Margrie,Female,682-121-3357,jmargrie3p@ifeng.com,2470 Rigney Junction
135,Gaston Kubek,Genderqueer,568-101-4253,gkubek3q@sitemeter.com,0 Barnett Crossing
136,Malissia Dyter,Female,947-680-4735,mdyter3r@mediafire.com,0 Ronald Regan Parkway
137,Katerina Matiebe,Agender,919-300-4726,kmatiebe3s@irs.gov,824 Bartelt Circle
138,Arielle Dymoke,Female,644-109-6255,adymoke3t@arstechnica.com,6961 Canary Center
139,Katharina McCoish,Female,746-358-1768,kmccoish3u@tumblr.com,1219 Erie Terrace
140,Cort Cicchinelli,Male,213-889-9221,ccicchinelli3v@wikipedia.org,36195 Jana Pass
141,Kareem Kobpal,Male,950-552-3118,kkobpal3w@csmonitor.com,7 Oak Valley Junction
142,Lainey Kilner,Female,423-719-3805,lkilner3x@mozilla.org,2 Superior Parkway
143,Art Weich,Male,467-569-0386,aweich3y@fotki.com,6 Tennessee Court
144,Amanda Coyte,Polygender,798-444-4471,acoyte3z@printfriendly.com,91002 Birchwood Center
145,Ceil Waddy,Female,676-421-2336,cwaddy40@cornell.edu,61 Dakota Parkway
146,Kyrstin Blowes,Female,606-710-7196,kblowes41@shareasale.com,95859 Dapin Avenue
147,Salvidor Reiners,Male,473-131-8167,sreiners42@cbsnews.com,2 Main Avenue
148,Terrell Manklow,Male,809-370-7749,tmanklow43@ask.com,7595 Morning Avenue
149,Dayle Rozanski,Female,618-454-6112,drozanski44@sun.com,9 Golf View Road
150,Desi Gogan,Male,118-251-6015,dgogan45@gizmodo.com,11 Anniversary Plaza
151,Wanids Masic,Female,270-798-6745,wmasic46@guardian.co.uk,1 Northport Plaza
152,Ariel Larrie,Female,914-646-9590,alarrie47@desdev.cn,1514 Starling Road
153,Kaela Collcott,Female,272-632-7520,kcollcott48@slashdot.org,632 Pine View Pass
154,Joya Karolewski,Female,281-710-2422,jkarolewski49@twitpic.com,4 Logan Center
155,Violette Sivess,Female,801-312-8363,vsivess4a@themeforest.net,951 Gateway Way
156,Dinny Greenly,Female,497-453-4185,dgreenly4b@nytimes.com,711 Iowa Parkway
157,Flori Trownson,Female,108-424-9921,ftrownson4c@indiatimes.com,8338 Caliangt Road
158,Dewitt O'Fergus,Male,195-381-6158,dofergus4d@hhs.gov,10965 Grayhawk Parkway
159,Farly Upstell,Male,296-898-9441,fupstell4e@foxnews.com,95 Mendota Crossing
160,Nikoletta Brennan,Female,749-392-5069,nbrennan4f@yale.edu,73 Vera Crossing
161,Francis Dufton,Male,591-759-2080,fdufton4g@msn.com,7 Larry Lane
162,Herbie Olivi,Male,727-541-0749,holivi4h@timesonline.co.uk,95 Gulseth Junction
163,Tudor Dartnell,Male,268-428-9368,tdartnell4i@twitter.com,6844 Iowa Lane
164,Winny Dabney,Male,388-473-1362,wdabney4j@mtv.com,9 Killdeer Drive
165,Lemmy Barthel,Male,285-344-5407,lbarthel4k@storify.com,5949 Redwing Junction
166,Hale Chasteney,Male,567-859-5270,hchasteney4l@storify.com,784 Darwin Terrace
167,Marlow Rogister,Non-binary,751-342-4012,mrogister4m@oaic.gov.au,47 Swallow Avenue
168,Freddy Runacres,Male,519-346-6768,frunacres4n@disqus.com,51 Tennessee Terrace
169,Ellis Corro,Male,146-781-1870,ecorro4o@bizjournals.com,282 Dayton Parkway
170,Harlene Olivo,Female,843-969-8963,holivo4p@shareasale.com,2 Division Junction
171,Joan Ellingworth,Female,726-946-1181,jellingworth4q@berkeley.edu,820 Saint Paul Alley
172,Mateo Garrish,Male,684-160-1710,mgarrish4r@jimdo.com,42291 Badeau Terrace
173,Francis Armsby,Male,415-419-9335,farmsby4s@example.com,8 Burning Wood Parkway
174,Wendell Coleridge,Male,256-332-5763,wcoleridge4t@usatoday.com,515 Del Sol Alley
175,Gideon Gouldie,Male,310-110-7163,ggouldie4u@simplemachines.org,6380 Transport Place
176,Colas Doucette,Male,481-565-1202,cdoucette4v@dailymotion.com,2351 Weeping Birch Junction
177,Justinn Noen,Female,665-511-8156,jnoen4w@furl.net,43562 Golden Leaf Street
178,Gerry Tithecott,Female,175-899-2344,gtithecott4x@google.it,933 Onsgard Hill
179,Ailyn Filipiak,Female,387-416-5323,afilipiak4y@shop-pro.jp,2 Nancy Alley
180,Pavel Shade,Male,462-102-6892,pshade4z@abc.net.au,04426 Fisk Hill
181,Orv Huitson,Male,660-258-7841,ohuitson50@sbwire.com,4 Lake View Road
182,Liz Custance,Female,672-754-8467,lcustance51@jugem.jp,66 Del Mar Parkway
183,Irwin Lang,Male,777-291-8387,ilang52@census.gov,650 Little Fleur Point
184,Henka Alessandrucci,Female,954-439-1473,halessandrucci53@ucoz.ru,3585 Dennis Pass
185,Ailina O'Sullivan,Female,424-584-7391,aosullivan54@vkontakte.ru,80 Waxwing Circle
186,Myca Grise,Male,212-491-8763,mgrise55@ca.gov,62 Golden Leaf Park
187,Johnny Verden,Male,206-765-3657,jverden56@foxnews.com,403 Granby Alley
188,Rolland Guerreru,Genderqueer,921-667-2381,rguerreru57@free.fr,1 Mifflin Court
189,Quillan Garrad,Male,870-408-7220,qgarrad58@godaddy.com,08593 Myrtle Road
190,Gaven Liddicoat,Male,301-672-3130,gliddicoat59@paginegialle.it,48 East Way
191,Kin Giacoboni,Male,742-379-9089,kgiacoboni5a@exblog.jp,467 Towne Lane
192,Logan Sowerby,Male,892-100-0480,lsowerby5b@cmu.edu,9891 Harbort Hill
193,Sorcha Weale,Female,427-806-9957,sweale5c@about.com,55530 Meadow Vale Center
194,Perice Swate,Polygender,991-525-6986,pswate5d@netscape.com,3 Barby Street
195,Alley Beevors,Male,233-365-5826,abeevors5e@marketwatch.com,81992 Weeping Birch Court
196,Meir Leghorn,Male,441-610-1274,mleghorn5f@joomla.org,81378 Weeping Birch Point
197,Adriena Kisting,Female,676-474-6031,akisting5g@msn.com,97329 Hazelcrest Way
198,Robinson Vasyutin,Male,673-955-8586,rvasyutin5h@jugem.jp,64042 Heffernan Road
199,Hebert Dannell,Male,325-235-2237,hdannell5i@businessinsider.com,18874 Nelson Junction
200,Thatcher Bellis,Male,113-618-5799,tbellis5j@nytimes.com,2 Barby Avenue
201,Sara-ann Tithacott,Female,403-810-1640,stithacott5k@drupal.org,3 Oakridge Pass
202,Portie De Biasi,Male,995-971-3401,pde5l@princeton.edu,2747 Upham Point
203,Travers Clausen,Male,452-733-6490,tclausen5m@weibo.com,5 Fairview Trail
204,Rorie MacCourt,Female,266-880-7457,rmaccourt5n@miibeian.gov.cn,58 Chinook Pass
205,Daveta Laskey,Female,531-584-8638,dlaskey5o@time.com,07 Reinke Way
206,Margalit Dahlgren,Female,389-588-2261,mdahlgren5p@usatoday.com,193 Crowley Drive
207,Renard Scholes,Male,714-836-6306,rscholes5q@economist.com,54 Daystar Point
208,Hamish Saddler,Male,282-705-1383,hsaddler5r@patch.com,39787 International Avenue
209,Korella Bernardon,Non-binary,422-119-4990,kbernardon5s@freewebs.com,62 Northview Junction
210,Iosep Jacox,Male,614-102-0055,ijacox5t@sohu.com,98 Fuller Crossing
211,Teodor Harrald,Male,949-125-1939,tharrald5u@about.com,7680 Stone Corner Point
212,Nero Backshill,Male,189-968-2194,nbackshill5v@google.fr,943 Warrior Pass
213,Rhodia Reinbach,Female,831-310-6618,rreinbach5w@ustream.tv,8 Tony Junction
214,Barret Gourlay,Male,775-132-2831,bgourlay5x@netlog.com,95 Oxford Point
215,Benedict Donaghie,Bigender,294-387-6957,bdonaghie5y@taobao.com,31949 Pepper Wood Park
216,Samuel Dulwich,Male,361-215-3148,sdulwich5z@printfriendly.com,53 Elgar Road
217,Kain Gainsbury,Male,523-679-4430,kgainsbury60@arizona.edu,9 Paget Avenue
218,Wendall Boniface,Male,979-207-5269,wboniface61@bigcartel.com,369 Northland Plaza
219,Danya Theodoris,Male,592-730-5772,dtheodoris62@forbes.com,74 Sundown Parkway
220,Korella Lynde,Female,180-334-7382,klynde63@ihg.com,6 Fairfield Plaza
221,Jennee Abbess,Female,512-673-1895,jabbess64@microsoft.com,0995 Debs Trail
222,Tadeas Andrews,Male,909-528-2868,tandrews65@google.it,5881 Hallows Pass
223,Alyce Livick,Female,377-903-4920,alivick66@jiathis.com,25043 Anzinger Center
224,Candie Galletly,Female,728-654-8787,cgalletly67@nifty.com,2433 Talmadge Street
225,Garwood Kiff,Male,984-520-1534,gkiff68@aol.com,4 Bayside Place
226,Filip Sivell,Non-binary,216-321-7479,fsivell69@wikimedia.org,98187 Jackson Terrace
227,Terese Maymond,Female,208-246-2565,tmaymond6a@slashdot.org,4740 Gateway Street
228,Welsh Cahn,Male,603-817-6368,wcahn6b@yandex.ru,835 Alpine Circle
229,Ivette Swatradge,Female,547-325-8383,iswatradge6c@tinyurl.com,179 Weeping Birch Hill
230,Sid Blenkinship,Male,841-370-8389,sblenkinship6d@cam.ac.uk,920 Artisan Drive
231,Mechelle Carnachen,Bigender,161-665-6852,mcarnachen6e@nature.com,44 Columbus Court
232,Devondra Iglesiaz,Female,267-627-8475,diglesiaz6f@netlog.com,0481 Tony Park
233,Boyce Chalder,Male,932-147-5974,bchalder6g@bbb.org,7 Milwaukee Junction
234,Gerda Lockhart,Female,753-402-3151,glockhart6h@guardian.co.uk,45156 Tennessee Avenue
235,Juliann Pressman,Non-binary,565-949-1804,jpressman6i@shinystat.com,3 Lotheville Crossing
236,Octavia Nesbitt,Female,662-900-7488,onesbitt6j@phpbb.com,8242 Portage Lane
237,Rafaela Theurer,Female,438-798-5599,rtheurer6k@hatena.ne.jp,7 Thierer Point
238,Bradney Duckett,Male,618-505-8860,bduckett6l@engadget.com,91 Continental Lane
239,Linc Wallage,Male,276-269-5093,lwallage6m@hubpages.com,9 Jackson Circle
240,Dennis Killough,Male,672-183-2477,dkillough6n@irs.gov,61 Hauk Center
241,Yoshi Ridehalgh,Female,339-367-2725,yridehalgh6o@gizmodo.com,5131 Texas Trail
242,Stuart Huxley,Male,401-997-8826,shuxley6p@linkedin.com,33 Springview Lane
243,Dominique Jenking,Female,105-290-6780,djenking6q@oakley.com,950 Lighthouse Bay Place
244,Albie Silliman,Male,515-822-8507,asilliman6r@jigsy.com,513 School Park
245,Margette Jime,Female,638-154-4956,mjime6s@amazonaws.com,05 Petterle Point
246,Claybourne Fenlon,Male,573-511-5240,cfenlon6t@google.co.uk,28002 Badeau Place
247,Romain Ketton,Male,250-317-0133,rketton6u@g.co,2586 Milwaukee Hill
248,Cordell Sloan,Male,720-248-5945,csloan6v@g.co,6298 Morningstar Circle
249,Teddi Traut,Female,159-160-3693,ttraut6w@arstechnica.com,6186 Burning Wood Way
250,Birgitta Cheetam,Female,818-770-3034,bcheetam6x@accuweather.com,60 Stuart Way
251,Selle Rallings,Female,632-186-2803,srallings6y@un.org,2 Coleman Circle
252,Gypsy Volette,Female,625-970-1625,gvolette6z@ucoz.com,3366 Glendale Terrace
253,Wilt Essam,Male,691-722-3610,wessam70@theglobeandmail.com,24 Dexter Way
254,Nadiya Allkins,Female,361-260-5936,nallkins71@princeton.edu,08353 Ridgeview Parkway
255,Shoshanna Pragnall,Female,316-450-5534,spragnall72@eventbrite.com,353 Village Green Point
256,Donia Nipper,Female,872-157-7087,dnipper73@taobao.com,90 Lunder Junction
257,Frannie Fargher,Female,701-368-2914,ffargher74@yellowbook.com,12 Ryan Terrace
258,Nelle Haselgrove,Female,982-756-1227,nhaselgrove75@europa.eu,72026 Lighthouse Bay Pass
259,Tandi Haddock,Female,672-959-3982,thaddock76@webs.com,347 Meadow Valley Center
260,Georgi Dover,Male,831-295-4240,gdover77@biglobe.ne.jp,6009 Norway Maple Junction
261,Lowe Sposito,Non-binary,189-584-8258,lsposito78@hhs.gov,54148 Basil Park
262,Rafi Coverdale,Male,634-982-3121,rcoverdale79@wufoo.com,00 Dapin Court
263,Elly McMeeking,Female,507-640-0011,emcmeeking7a@hostgator.com,57 Oak Point
264,Lazarus Simanenko,Male,143-243-5677,lsimanenko7b@youtube.com,588 Mayer Terrace
265,Gay Elsdon,Male,983-348-7977,gelsdon7c@dailymail.co.uk,643 Erie Road
266,Leodora Chicco,Female,173-160-3681,lchicco7d@php.net,87 Anthes Alley
267,Otto Wilde,Male,851-601-2255,owilde7e@dagondesign.com,39722 Burrows Parkway
268,Eberhard Birnie,Male,522-715-8486,ebirnie7f@statcounter.com,00 Logan Junction
269,Anette Bonevant,Female,746-911-2166,abonevant7g@live.com,4252 Dovetail Road
270,Ashien Lumly,Genderqueer,352-391-8259,alumly7h@shop-pro.jp,3315 Hintze Terrace
271,Shermie Bielfelt,Male,500-696-0764,sbielfelt7i@reuters.com,99 Marquette Junction
272,Angelia Weatherburn,Non-binary,872-962-7731,aweatherburn7j@bandcamp.com,5983 Longview Terrace
273,Quill Laible,Male,707-231-5497,qlaible7k@abc.net.au,54001 Hanson Lane
274,Katlin Drissell,Female,811-493-4789,kdrissell7l@studiopress.com,2957 Lerdahl Place
275,Joell Sharman,Female,914-374-6215,jsharman7m@merriam-webster.com,7 Declaration Drive
276,Ferne Twatt,Female,799-141-1185,ftwatt7n@360.cn,8187 Lillian Point
277,Blondie Althrop,Female,838-772-7641,balthrop7o@hibu.com,9 5th Crossing
278,Meredithe Kershaw,Non-binary,874-608-3302,mkershaw7p@twitter.com,2 Northwestern Avenue
279,Lillis McGreal,Female,523-945-9759,lmcgreal7q@bloomberg.com,700 8th Terrace
280,Laurene Rentoll,Female,378-703-1337,lrentoll7r@webmd.com,47 Gina Point
281,Dorie Stickings,Male,383-855-2535,dstickings7s@google.com.au,74734 Comanche Alley
282,Erda Benne,Female,801-534-9068,ebenne7t@technorati.com,90 Meadow Ridge Hill
283,Svend Schwant,Male,141-792-4122,sschwant7u@bravesites.com,656 Sage Hill
284,Dianne Ubsdale,Agender,841-898-2436,dubsdale7v@csmonitor.com,181 Aberg Terrace
285,Arlan Figgures,Male,615-735-7188,afiggures7w@taobao.com,0541 Southridge Lane
286,Boonie Farden,Male,495-711-2856,bfarden7x@hhs.gov,19341 Doe Crossing Alley
287,Will Claydon,Male,761-186-1709,wclaydon7y@mayoclinic.com,9 Blaine Drive
288,Eleonora Kynnd,Female,746-103-8249,ekynnd7z@businesswire.com,11834 Mariners Cove Parkway
289,Mikel Hyams,Male,289-954-7354,mhyams80@yolasite.com,72111 Westerfield Court
290,Molly Southway,Female,207-723-9358,msouthway81@csmonitor.com,8546 Ruskin Drive
291,Shepperd Gotthard.sf,Male,449-442-2293,sgotthardsf82@sogou.com,229 East Parkway
292,Kelsey Orpin,Female,935-628-3084,korpin83@amazonaws.com,31195 Amoth Road
293,Penn Espinosa,Male,977-835-2992,pespinosa84@unblog.fr,0 Red Cloud Trail
294,Faber Giroldo,Male,364-882-0523,fgiroldo85@soundcloud.com,6 Pleasure Street
295,Kitty Burleigh,Female,767-149-7844,kburleigh86@boston.com,12 Quincy Pass
296,Seumas Pollicatt,Male,820-800-9416,spollicatt87@gnu.org,567 Manitowish Plaza
297,Lief Schimaschke,Male,328-857-8195,lschimaschke88@123-reg.co.uk,7 Red Cloud Avenue
298,Alberta Wark,Female,366-115-7349,awark89@bbb.org,63777 Loftsgordon Trail
299,Gavin Archibould,Male,797-748-6193,garchibould8a@bloglovin.com,40 Westend Point
300,Cleve Able,Male,692-752-2234,cable8b@chronoengine.com,545 Rowland Place
301,Eartha Sunock,Female,244-779-0307,esunock8c@pinterest.com,8426 Ronald Regan Road
302,Roselia Whimp,Female,284-189-4222,rwhimp8d@pagesperso-orange.fr,4489 Ridge Oak Drive
303,Laurena Newbigging,Female,898-286-3545,lnewbigging8e@myspace.com,55 Moland Center
304,Thomasa Edmott,Female,317-663-4773,tedmott8f@army.mil,33 Mcbride Court
305,Warde Joules,Polygender,262-452-7033,wjoules8g@liveinternet.ru,94107 Raven Court
306,Antons Cosstick,Male,948-573-8951,acosstick8h@marketwatch.com,134 Everett Circle
307,Wright Overnell,Male,840-833-3742,wovernell8i@pbs.org,72 Springs Park
308,Margi Gurr,Female,672-789-7736,mgurr8j@ibm.com,7929 Blackbird Road
309,Lindie Dowdell,Female,689-229-2516,ldowdell8k@ftc.gov,55410 Clove Court
310,Charlie Hinken,Male,266-911-2154,chinken8l@google.ca,0 Butterfield Pass
311,Randa Redding,Female,530-285-7276,rredding8m@ibm.com,54935 Eggendart Alley
312,Byron Richardt,Male,399-244-7154,brichardt8n@cmu.edu,8 Morningstar Center
313,Sherm Crab,Male,557-986-9504,scrab8o@exblog.jp,309 8th Alley
314,Kippy Ratt,Female,545-933-2294,kratt8p@yellowbook.com,736 Messerschmidt Junction
315,Eartha Bleasby,Female,869-404-1864,ebleasby8q@ocn.ne.jp,8 Evergreen Road
316,Dominga Enion,Female,465-523-7426,denion8r@nbcnews.com,407 Briar Crest Plaza
317,Wood Bore,Male,875-372-2253,wbore8s@examiner.com,4099 Sloan Hill
318,Geralda Vynehall,Female,576-577-5017,gvynehall8t@topsy.com,4 Elgar Junction
319,Ezequiel Addinall,Polygender,771-293-6113,eaddinall8u@businesswire.com,965 Mockingbird Way
320,Ewen Juzek,Male,380-908-8170,ejuzek8v@t.co,02921 Hagan Place
321,Poppy Kellogg,Female,104-853-8539,pkellogg8w@webmd.com,872 Calypso Pass
322,Wernher Rounsefell,Polygender,626-381-4278,wrounsefell8x@dmoz.org,0467 Fairview Court
323,Jeana Badrick,Female,101-183-7440,jbadrick8y@51.la,28215 Stephen Center
324,Orlan Jorez,Male,698-563-1284,ojorez8z@meetup.com,109 Lien Circle
325,Willetta Mathieson,Female,565-782-1635,wmathieson90@msu.edu,50761 Lillian Avenue
326,Timothee Dorbin,Male,896-965-5673,tdorbin91@sogou.com,59576 Raven Pass
327,Kalila Ilem,Female,640-630-7699,kilem92@sun.com,54 Crescent Oaks Center
328,Ciro Chiechio,Male,717-727-9543,cchiechio93@comsenz.com,1743 Londonderry Trail
329,Rand Sturgess,Male,282-125-0302,rsturgess94@businessweek.com,8736 Holmberg Way
330,Aindrea Rediers,Female,118-160-2926,arediers95@usda.gov,5 Portage Center
331,Quintin Mallinder,Male,140-621-0708,qmallinder96@webeden.co.uk,4605 Bayside Pass
332,Kennett Senussi,Male,176-303-3257,ksenussi97@goodreads.com,54225 Barby Avenue
333,Kingsley Sprey,Male,357-948-6649,ksprey98@wsj.com,0247 David Junction
334,Beatriz MacGibbon,Female,636-762-7323,bmacgibbon99@scientificamerican.com,74 Carpenter Drive
335,Marje Gaspar,Female,536-569-1133,mgaspar9a@i2i.jp,4920 Northridge Avenue
336,Kenna Stede,Female,444-835-5479,kstede9b@printfriendly.com,8 Monument Point
337,Layla Boyes,Female,595-513-3922,lboyes9c@digg.com,2334 Eastlawn Crossing
338,Marmaduke Moreinu,Male,304-823-9765,mmoreinu9d@geocities.com,0850 Randy Crossing
339,Vera Baterip,Female,214-787-4196,vbaterip9e@pagesperso-orange.fr,8 Westridge Place
340,Hally Goult,Female,476-622-8812,hgoult9f@histats.com,3 Scofield Street
341,Charyl Blundel,Female,399-230-0627,cblundel9g@sfgate.com,4 Petterle Court
342,Elnora Moring,Bigender,242-556-3133,emoring9h@hc360.com,102 Nancy Point
343,Killian Jeanequin,Male,333-112-0041,kjeanequin9i@scientificamerican.com,90 Blackbird Plaza
344,Zaccaria Szymonwicz,Male,914-319-4398,zszymonwicz9j@simplemachines.org,8855 Walton Court
345,Wye Alvy,Male,154-148-4123,walvy9k@google.pl,234 Crownhardt Terrace
346,Georas Youel,Male,880-649-9396,gyouel9l@newsvine.com,3 Stuart Lane
347,Ramsey Farryan,Male,497-204-2510,rfarryan9m@forbes.com,1 Dapin Junction
348,Cassandre Grasha,Female,994-913-5176,cgrasha9n@narod.ru,4 Mitchell Crossing
349,Denice Rohfsen,Female,377-703-1238,drohfsen9o@timesonline.co.uk,8546 Roth Trail
350,Lianna Cottage,Female,202-360-9481,lcottage9p@fc2.com,8930 International Road
351,Agnesse Kilcullen,Female,839-252-4940,akilcullen9q@state.gov,1 Gerald Way
352,Virginia Hudel,Female,951-965-1490,vhudel9r@sakura.ne.jp,36464 Westerfield Avenue
353,Roze Quinell,Female,272-333-5141,rquinell9s@epa.gov,5967 Crescent Oaks Hill
354,Kellina Dumsday,Female,943-403-4384,kdumsday9t@myspace.com,76 Prentice Terrace
355,Monro Cayser,Male,525-883-2166,mcayser9u@unblog.fr,08 Carberry Crossing
356,Kara Jeannel,Female,627-922-1541,kjeannel9v@netscape.com,71843 Oak Valley Hill
357,Felicity Shakelade,Female,861-792-9600,fshakelade9w@linkedin.com,5633 Badeau Point
358,Levy Gilks,Male,771-258-1230,lgilks9x@netvibes.com,331 Parkside Center
359,Jakie Kernermann,Male,481-279-1669,jkernermann9y@typepad.com,78268 Jenifer Way
360,Yulma Radford,Male,357-346-8287,yradford9z@ycombinator.com,5 Bay Place
361,Roderic Baldack,Male,808-101-6280,rbaldacka0@com.com,58 Garrison Drive
362,Rhody Dempsey,Female,949-243-7212,rdempseya1@ning.com,1547 Laurel Street
363,Rodd Goodisson,Male,470-926-6744,rgoodissona2@gov.uk,3 Meadow Valley Parkway
364,Jule Clinning,Male,117-633-1035,jclinninga3@lycos.com,9616 Burning Wood Terrace
365,Iggy Chinery,Male,422-189-9102,ichinerya4@globo.com,3352 Holmberg Court
366,Leanora Grzeszczyk,Female,631-422-0525,lgrzeszczyka5@ifeng.com,51 Ronald Regan Lane
367,Verine McSkin,Agender,206-732-0757,vmcskina6@chicagotribune.com,2486 Northfield Street
368,Euphemia Imlacke,Female,438-967-5580,eimlackea7@wikipedia.org,117 East Terrace
369,Susannah De Micoli,Female,886-914-1063,sdea8@jiathis.com,60 Oakridge Court
370,Alika Brumpton,Female,384-756-0797,abrumptona9@alexa.com,26 Mosinee Terrace
371,Ginnie Maplestone,Bigender,760-480-2539,gmaplestoneaa@yandex.ru,38 Pennsylvania Park
372,El Lamborn,Male,259-677-6535,elambornab@gizmodo.com,872 Cody Crossing
373,Tana Yelland,Female,226-355-4181,tyellandac@yahoo.com,70103 Drewry Pass
374,Fredra Kersey,Female,606-373-0978,fkerseyad@bizjournals.com,0 Arapahoe Trail
375,Lorin Nuth,Male,439-653-6134,lnuthae@smh.com.au,86 Golf View Pass
376,Jerad Wakeford,Male,259-548-5265,jwakefordaf@gravatar.com,59 Steensland Terrace
377,Catharine Maddinon,Female,197-546-4185,cmaddinonag@devhub.com,18786 Fallview Pass
378,Freddie Davidsson,Female,535-362-8848,fdavidssonah@alibaba.com,82804 Jay Avenue
379,Iggie Slatford,Male,274-587-7378,islatfordai@yelp.com,320 Charing Cross Point
380,Juditha Kirvin,Female,158-944-1179,jkirvinaj@weibo.com,10460 Randy Junction
381,Vonni Basley,Female,424-545-1980,vbasleyak@hostgator.com,4 Jackson Terrace
382,Latrena Losty,Female,996-264-6193,llostyal@scribd.com,7 Northridge Hill
383,Beverie Andersch,Female,489-245-4388,banderscham@technorati.com,19324 Brown Street
384,Jordan Lipsett,Female,299-783-7833,jlipsettan@techcrunch.com,9 Lakeland Road
385,Siouxie McNickle,Female,873-535-5668,smcnickleao@trellian.com,6 3rd Street
386,Fonz Notman,Male,225-550-0759,fnotmanap@furl.net,9117 Armistice Road
387,Etan McQuirter,Male,648-707-5449,emcquirteraq@europa.eu,19 Waubesa Way
388,Clea Felder,Female,168-854-6218,cfelderar@utexas.edu,0162 Hudson Alley
389,Vilma Gorwood,Female,375-754-9262,vgorwoodas@cdc.gov,7733 Nancy Trail
390,Albertine Manuaud,Genderqueer,578-636-4238,amanuaudat@msu.edu,5169 Eagle Crest Point
391,Rikki McCulloch,Male,338-646-4999,rmccullochau@nymag.com,8 Bunker Hill Lane
392,Angus Corney,Male,950-724-6417,acorneyav@php.net,478 Lotheville Point
393,Foss Oldknow,Male,935-783-8230,foldknowaw@biblegateway.com,185 Tennyson Center
394,Brodie Dye,Male,230-986-9339,bdyeax@seattletimes.com,6 Schmedeman Circle
395,Porty Behnecke,Male,773-802-1855,pbehneckeay@sfgate.com,4 Roth Drive
396,Burch Mahaddie,Polygender,127-732-5982,bmahaddieaz@miitbeian.gov.cn,36558 Delladonna Lane
397,Corty Tune,Male,757-490-0120,ctuneb0@prweb.com,24 Bonner Avenue
398,Addy Minshaw,Female,801-778-9747,aminshawb1@hao123.com,28432 Florence Street
399,Marta Seson,Female,503-212-9463,msesonb2@walmart.com,2661 2nd Park
400,Danella Meeking,Female,242-928-7128,dmeekingb3@jiathis.com,46 Fairfield Plaza
401,Chrissy Soldner,Female,400-295-8086,csoldnerb4@sbwire.com,88270 Sullivan Place
402,Sibby Wanley,Female,361-344-4143,swanleyb5@baidu.com,3446 Northland Drive
403,Krisha O'Nion,Male,799-498-4899,konionb6@vinaora.com,39182 Utah Park
404,Sibley Dregan,Genderqueer,672-633-0855,sdreganb7@people.com.cn,09 Mcguire Plaza
405,Casar Slegg,Male,914-132-0427,csleggb8@redcross.org,97315 Daystar Pass
406,Ruthanne Zupa,Female,646-944-0954,rzupab9@squarespace.com,765 Fair Oaks Pass
407,Lorianne Fernehough,Female,754-977-1908,lfernehoughba@constantcontact.com,73529 Riverside Parkway
408,Chloris Crockford,Female,358-228-5275,ccrockfordbb@istockphoto.com,35138 Gulseth Place
409,Shelbi Gawn,Agender,655-966-9524,sgawnbc@biblegateway.com,194 Elgar Alley
410,Sonny Eilhersen,Male,809-570-7340,seilhersenbd@wp.com,7 Huxley Point
411,Amby Beaney,Male,586-964-0898,abeaneybe@walmart.com,70270 Birchwood Street
412,Thor Lympenie,Male,672-201-6016,tlympeniebf@epa.gov,18519 6th Park
413,Harvey Deeny,Male,562-260-5570,hdeenybg@bandcamp.com,9 Kingsford Plaza
414,Ammamaria Brolechan,Female,105-155-8457,abrolechanbh@wikimedia.org,875 Shelley Plaza
415,Joanna Fever,Female,902-382-1682,jfeverbi@tinyurl.com,6801 Welch Alley
416,Susanetta Leicester,Female,462-626-4248,sleicesterbj@blogs.com,02 Jackson Court
417,Torrance Sacker,Male,795-565-3074,tsackerbk@devhub.com,5872 Hansons Avenue
418,Karney Inch,Male,604-547-2480,kinchbl@multiply.com,16 Fulton Lane
419,Genna Timmons,Female,966-478-9488,gtimmonsbm@ow.ly,19 Spenser Place
420,Golda Bridgeman,Female,136-704-1659,gbridgemanbn@stumbleupon.com,177 Northland Lane
421,Julissa Marsh,Female,948-193-1800,jmarshbo@usgs.gov,6 Mesta Place
422,Sayre McMurdo,Male,231-717-4062,smcmurdobp@latimes.com,64160 Kim Avenue
423,Cecil Maypother,Female,361-425-9357,cmaypotherbq@umn.edu,16364 Bay Avenue
424,Elspeth MacSkeagan,Female,140-372-9309,emacskeaganbr@blog.com,67189 Petterle Center
425,Giffie Dupey,Male,915-215-2068,gdupeybs@ucoz.com,8546 Sugar Pass
426,Isabelle Tomblings,Female,599-535-3977,itomblingsbt@booking.com,5 Holy Cross Trail
427,Jamie Rozenzweig,Female,669-635-4607,jrozenzweigbu@answers.com,5066 Maple Wood Park
428,Roseanne Wickey,Female,412-849-6927,rwickeybv@over-blog.com,2944 Tennessee Junction
429,Bartlet Veysey,Male,985-258-3323,bveyseybw@newsvine.com,90809 Vidon Lane
430,Phaidra Augar,Female,951-651-8271,paugarbx@unc.edu,46 Buena Vista Terrace
431,Lilia Gendrich,Female,938-485-1697,lgendrichby@dagondesign.com,4 Muir Park
432,Myles Carlo,Male,456-296-6155,mcarlobz@instagram.com,1984 Nobel Alley
433,Penny Semkins,Agender,210-803-9035,psemkinsc0@accuweather.com,9229 Vahlen Center
434,Wesley Klagge,Male,217-469-8545,wklaggec1@cafepress.com,8538 Leroy Hill
435,Alexei Bertolin,Male,327-639-9446,abertolinc2@amazon.co.uk,3206 Messerschmidt Point
436,Felicle Sirkett,Female,687-583-0346,fsirkettc3@twitter.com,80144 Memorial Way
437,Costa Stansall,Male,925-459-9463,cstansallc4@yellowpages.com,4937 Myrtle Point
438,Arne Stathor,Male,206-830-7736,astathorc5@facebook.com,30266 Dennis Avenue
439,Alina Curedale,Female,310-289-8630,acuredalec6@nymag.com,27858 Butternut Avenue
440,Tonnie MacAndie,Male,101-488-0398,tmacandiec7@pbs.org,0 Maple Wood Way
441,Devi Jeandet,Female,957-888-8648,djeandetc8@blogtalkradio.com,47734 Pawling Drive
442,Skippy Saunper,Male,887-502-2010,ssaunperc9@dagondesign.com,92 Sachs Lane
443,Sheila-kathryn Giacomuzzi,Female,951-498-7016,sgiacomuzzica@de.vu,032 Ronald Regan Junction
444,Perrine Ort,Bigender,611-759-5881,portcb@123-reg.co.uk,58 Cambridge Pass
445,Lazar Laborde,Male,447-727-3062,llabordecc@photobucket.com,8 Dexter Place
446,Omero Hatrick,Male,914-773-4601,ohatrickcd@unblog.fr,332 Forest Alley
447,Stafford Brangan,Male,380-437-9912,sbrangance@yandex.ru,3 Mccormick Circle
448,Cathrine Trematick,Female,958-733-6576,ctrematickcf@google.de,6608 Service Circle
449,Saunders Burgher,Male,183-387-4693,sburghercg@blogger.com,020 Cody Pass
450,Thelma Ratray,Female,311-184-8325,tratraych@reverbnation.com,3 Moland Lane
451,Orella Zink,Female,476-715-6405,ozinkci@phoca.cz,834 Briar Crest Point
452,Melita Conboy,Female,850-218-5065,mconboycj@bbc.co.uk,66812 Fairfield Avenue
453,Theodora Kelinge,Genderqueer,863-416-8453,tkelingeck@lulu.com,207 Arrowood Alley
454,Russell Ferenc,Male,575-978-3474,rferenccl@tamu.edu,8 Caliangt Pass
455,Dasie Langridge,Polygender,409-555-5847,dlangridgecm@mac.com,73 Duke Pass
456,Pancho Roffey,Male,581-349-6832,proffeycn@amazon.com,3509 Pierstorff Way
457,Marcia Allmen,Female,319-371-9031,mallmenco@miitbeian.gov.cn,94908 Maryland Place
458,Milicent Bohin,Female,574-760-0679,mbohincp@hugedomains.com,8 South Way
459,Tressa McDool,Female,455-415-1545,tmcdoolcq@g.co,514 Florence Terrace
460,Avivah Doorbar,Bigender,255-705-5516,adoorbarcr@nsw.gov.au,4 Nova Hill
461,Karney Giacopetti,Male,218-155-3334,kgiacopettics@fda.gov,4702 Meadow Valley Road
462,Ania Romanetti,Female,971-796-0784,aromanettict@rakuten.co.jp,29 Declaration Point
463,Chrisy Verdie,Male,777-275-0923,cverdiecu@cocolog-nifty.com,0 Vahlen Trail
464,Consalve Mordacai,Male,340-563-2148,cmordacaicv@arstechnica.com,485 Lakewood Gardens Hill
465,Vinita July,Female,437-532-0116,vjulycw@theguardian.com,9 Mayer Park
466,Paula Raggett,Female,406-239-3087,praggettcx@slate.com,3149 Muir Trail
467,Lisha Llewhellin,Female,927-373-5171,lllewhellincy@homestead.com,69 Manufacturers Crossing
468,Aristotle Kinnett,Male,175-604-7990,akinnettcz@phoca.cz,09432 Debs Place
469,Baird Kullmann,Male,952-701-9741,bkullmannd0@spotify.com,0895 Morning Point
470,Jessamine Randalston,Female,466-152-5391,jrandalstond1@nbcnews.com,9650 Pankratz Lane
471,Laetitia Slocket,Genderqueer,659-445-7003,lslocketd2@jimdo.com,83003 Columbus Lane
472,Bronson Dictus,Male,807-168-3018,bdictusd3@baidu.com,50 Waywood Trail
473,Filberto Bonny,Male,829-612-7119,fbonnyd4@blogspot.com,0104 Farragut Hill
474,Jerad Bruun,Male,865-364-9756,jbruund5@angelfire.com,1667 Sachtjen Pass
475,Britt Earp,Male,753-842-2015,bearpd6@examiner.com,6247 Red Cloud Trail
476,Dolf Sweating,Male,247-360-0205,dsweatingd7@constantcontact.com,1608 Pepper Wood Way
477,Pall Joseph,Polygender,223-941-6447,pjosephd8@time.com,86391 Saint Paul Circle
478,Katuscha Branchflower,Female,485-880-2762,kbranchflowerd9@rakuten.co.jp,8 Vidon Parkway
479,Lorne Jennemann,Male,254-930-4872,ljennemannda@mysql.com,22 Namekagon Park
480,Reba Pethrick,Female,919-667-8566,rpethrickdb@ask.com,87 Jana Park
481,Adriano Girardy,Male,364-941-9406,agirardydc@princeton.edu,17 Monterey Road
482,Erhard Methven,Male,609-861-5455,emethvendd@bandcamp.com,64 Norway Maple Terrace
483,Averill McElwee,Male,689-568-1666,amcelweede@rambler.ru,1 Hazelcrest Crossing
484,Lew Ielden,Male,458-727-9899,lieldendf@amazon.co.jp,92 Rusk Road
485,Noni Rankin,Female,553-317-9384,nrankindg@europa.eu,4450 Gateway Court
486,Elisha Rosenkrantz,Male,613-166-3187,erosenkrantzdh@reference.com,97732 Dennis Trail
487,Kathlin Mocker,Female,950-838-0185,kmockerdi@parallels.com,579 Moose Junction
488,Darby Plimmer,Male,329-889-9151,dplimmerdj@blog.com,03976 Clove Plaza
489,Arvin Ben,Non-binary,457-205-5638,abendk@hibu.com,303 Nova Junction
490,Maris Gerren,Genderfluid,609-725-2872,mgerrendl@apple.com,635 West Point
491,Zenia May,Female,875-934-4035,zmaydm@youtu.be,577 Haas Pass
492,Rogerio Millis,Male,900-487-3145,rmillisdn@wordpress.com,855 Raven Lane
493,Alexandr Pitman,Male,127-513-0840,apitmando@addthis.com,70 Golf Course Court
494,Blakeley Del Checolo,Female,303-423-6630,bdeldp@go.com,0286 Bunker Hill Street
495,Pebrook Goalby,Bigender,242-657-6322,pgoalbydq@tuttocitta.it,44883 Gulseth Point
496,Antonius Gaitley,Male,909-176-7122,agaitleydr@independent.co.uk,99 Birchwood Point
497,Rey Sandlin,Male,156-131-0740,rsandlinds@stanford.edu,522 Swallow Avenue
498,Devi Palffy,Female,345-584-4292,dpalffydt@people.com.cn,12 Hollow Ridge Point
499,Carolin Delhay,Female,838-537-4075,cdelhaydu@trellian.com,00 4th Center
500,Pearle Fresson,Female,723-740-8450,pfressondv@techcrunch.com,6 Magdeline Lane
501,Harold Mowbray,Male,932-938-9314,hmowbraydw@bloglines.com,51435 Quincy Drive
502,Nonie Esslement,Female,153-913-0307,nesslementdx@goodreads.com,7905 Bartillon Place
503,Keene Talboy,Male,256-361-6707,ktalboydy@joomla.org,4 Express Drive
504,Nels Lermit,Non-binary,561-712-8865,nlermitdz@nasa.gov,02070 Division Plaza
505,North Lettsom,Male,275-325-3928,nlettsome0@nhs.uk,61354 Starling Junction
506,Bebe Skillern,Female,576-375-8674,bskillerne1@vimeo.com,67531 Badeau Junction
507,Sidoney Bertomeu,Female,990-218-5640,sbertomeue2@ehow.com,389 Pearson Street
508,Barby Dawney,Female,602-562-5437,bdawneye3@nsw.gov.au,9 Haas Crossing
509,Jere Grimsey,Male,736-662-3622,jgrimseye4@twitpic.com,947 Towne Pass
510,Catlaina Shyre,Female,679-862-7426,cshyree5@spotify.com,94573 Cordelia Crossing
511,Tanya Runnicles,Genderfluid,874-804-6460,trunniclese6@mysql.com,3736 Kingsford Plaza
512,Fredericka Demeza,Female,232-220-2445,fdemezae7@domainmarket.com,68 Blue Bill Park Park
513,Marjie Kohring,Female,736-893-8808,mkohringe8@weather.com,32 Algoma Junction
514,Galen Ingledow,Male,552-236-1143,gingledowe9@epa.gov,64864 Dorton Court
515,Stanislaw Smoth,Male,336-288-6941,ssmothea@who.int,47 Loeprich Junction
516,Reggie Bewfield,Male,548-823-3551,rbewfieldeb@boston.com,2 Corscot Center
517,Shaine La Rosa,Female,572-945-3995,slaec@cam.ac.uk,120 Arapahoe Terrace
518,Nell Aslett,Female,423-695-8677,nasletted@163.com,33 Acker Lane
519,Camey Joseph,Male,251-671-5889,cjosephee@sciencedaily.com,7768 Homewood Circle
520,Agustin Riguard,Male,145-912-4072,ariguardef@sourceforge.net,024 Hayes Terrace
521,Esteban Korfmann,Male,810-637-6670,ekorfmanneg@senate.gov,3 Helena Way
522,Valerye Brickstock,Female,116-213-3660,vbrickstockeh@rediff.com,765 Walton Avenue
523,Holly Postles,Genderqueer,299-495-7860,hpostlesei@washingtonpost.com,11409 4th Way
524,Blondie Thake,Female,570-780-1239,bthakeej@plala.or.jp,47 Muir Point
525,Arda Yaxley,Female,612-170-9075,ayaxleyek@upenn.edu,6520 Northland Court
526,Zarla Babst,Female,336-728-8887,zbabstel@prnewswire.com,36 Mariners Cove Hill
527,Kermy Thebes,Male,326-894-0399,kthebesem@bing.com,7497 Novick Trail
528,Alessandro Konneke,Male,638-879-9686,akonnekeen@theatlantic.com,49852 Kingsford Park
529,Delinda Goosey,Bigender,147-560-0387,dgooseyeo@dot.gov,51 Burrows Plaza
530,Shamus Enion,Male,805-964-0447,senionep@seattletimes.com,26 Katie Junction
531,Thatcher Comber,Male,187-100-3075,tcombereq@tinyurl.com,9486 Bayside Circle
532,Barnett Bolter,Male,458-917-0433,bbolterer@pbs.org,42 Huxley Drive
533,Ryley Huskisson,Male,215-356-0296,rhuskissones@liveinternet.ru,4 Village Green Crossing
534,Weston Gorling,Male,955-979-0240,wgorlinget@cloudflare.com,0514 Stang Drive
535,Leonid Geere,Male,767-289-9032,lgeereeu@blogger.com,67 Village Alley
536,Stacey Meysham,Female,237-684-3830,smeyshamev@bluehost.com,2278 Thompson Road
537,Mildrid Hauger,Female,638-739-6686,mhaugerew@amazon.co.jp,7 Farragut Junction
538,Eugenie Hazelden,Female,897-914-4917,ehazeldenex@google.it,2 Rigney Junction
539,Dylan Cheine,Male,347-146-2058,dcheineey@bing.com,3443 Comanche Center
540,Yettie Koop,Female,575-900-9090,ykoopez@nps.gov,7 Butterfield Lane
541,Mariya Troy,Non-binary,380-432-8347,mtroyf0@livejournal.com,8 Dayton Crossing
542,Chrisy Woodrough,Male,941-920-0871,cwoodroughf1@china.com.cn,1 Veith Terrace
543,Kris Wringe,Female,490-472-6769,kwringef2@usda.gov,77 Florence Point
544,Shaine Drews,Male,670-687-4392,sdrewsf3@usnews.com,48 Hansons Center
545,Avrit Handman,Female,507-993-8649,ahandmanf4@nasa.gov,67928 Melby Junction
546,Gibby Geerits,Male,535-773-5055,ggeeritsf5@biglobe.ne.jp,01154 Lakewood Circle
547,Dennison Staines,Male,314-418-1773,dstainesf6@webeden.co.uk,90824 Twin Pines Drive
548,Hasheem Swainson,Male,126-768-0201,hswainsonf7@bizjournals.com,8444 3rd Crossing
549,Demott Chettle,Male,172-550-3376,dchettlef8@npr.org,061 Carioca Court
550,Kristal Brimilcome,Female,618-176-0627,kbrimilcomef9@lycos.com,231 Sauthoff Court
551,Edward Bullivent,Male,686-409-5361,ebulliventfa@timesonline.co.uk,9630 Forest Pass
552,Courtnay Cordrey,Female,739-416-6519,ccordreyfb@g.co,67 Kensington Point
553,Kenna Do Rosario,Female,671-784-7738,kdofc@squarespace.com,35 Jenifer Avenue
554,Nicoli Oldfield-Cherry,Female,139-856-2052,noldfieldcherryfd@rakuten.co.jp,165 Warrior Hill
555,Eloise Le Marchand,Female,347-296-8671,elefe@ow.ly,7926 Susan Trail
556,Derrick Flannigan,Male,854-266-3316,dflanniganff@simplemachines.org,40121 Warner Drive
557,Davide Jumel,Male,902-185-2464,djumelfg@amazon.co.jp,5 Thackeray Alley
558,Dante Izakoff,Male,931-155-7872,dizakofffh@issuu.com,98057 Washington Alley
559,Gustavus Somes,Male,512-187-0892,gsomesfi@istockphoto.com,02513 Main Way
560,Mayne Cerman,Male,397-125-5894,mcermanfj@symantec.com,0 Starling Parkway
561,Chalmers Siggin,Male,872-691-3782,csigginfk@bigcartel.com,9 Almo Way
562,Felice Pidgen,Male,748-375-1674,fpidgenfl@slideshare.net,69 Myrtle Road
563,Petunia Faltskog,Female,779-656-1777,pfaltskogfm@edublogs.org,1 Raven Circle
564,West Romain,Male,142-551-4569,wromainfn@oracle.com,16 Tomscot Place
565,Elyn Rennison,Bigender,299-365-7842,erennisonfo@hatena.ne.jp,26 Moose Terrace
566,Philip Kelner,Male,820-216-7539,pkelnerfp@addtoany.com,245 Kingsford Drive
567,Jasmina Bernli,Female,939-921-7028,jbernlifq@dmoz.org,60742 Briar Crest Parkway
568,Bryce Cremen,Male,900-138-0375,bcremenfr@chronoengine.com,2 Marquette Trail
569,Leroi Skingle,Male,168-257-3471,lskinglefs@blinklist.com,91475 Melrose Circle
570,Saul Wanklyn,Male,749-450-9216,swanklynft@comsenz.com,03 Eagle Crest Center
571,Eugenius Dudden,Male,780-496-2557,eduddenfu@google.com.hk,39717 Corry Lane
572,Dion Pawnsford,Male,730-385-1697,dpawnsfordfv@cbc.ca,368 Upham Street
573,Gale Lardier,Female,531-879-9979,glardierfw@scribd.com,0710 Crownhardt Crossing
574,Laurens Kleinhandler,Non-binary,615-106-4581,lkleinhandlerfx@cbslocal.com,1 Anhalt Crossing
575,Ruy Tithecote,Agender,445-746-3824,rtithecotefy@timesonline.co.uk,7 Mifflin Terrace
576,Dawna Kleinmintz,Female,716-712-1679,dkleinmintzfz@flickr.com,43563 Raven Drive
577,Prudi Eilles,Female,651-461-3516,peillesg0@prnewswire.com,21867 Florence Plaza
578,Aluino Crehan,Male,517-279-5743,acrehang1@t-online.de,66 Iowa Alley
579,Nanon Aloigi,Female,592-346-4635,naloigig2@ustream.tv,3302 Vermont Avenue
580,Reeva Rowly,Female,751-642-5502,rrowlyg3@ebay.com,080 Sunbrook Hill
581,Ramsay Boat,Male,646-533-7246,rboatg4@nbcnews.com,8334 Mayfield Drive
582,Hastings Chasmoor,Male,114-678-6286,hchasmoorg5@globo.com,122 Pawling Trail
583,Kristal Dole,Female,517-953-7410,kdoleg6@forbes.com,105 Anniversary Crossing
584,Darell Thurgood,Female,241-124-7753,dthurgoodg7@bizjournals.com,04 Cody Center
585,Fonzie Hurler,Male,126-531-5501,fhurlerg8@msn.com,063 Warrior Street
586,Eugine de Amaya,Female,619-628-8173,edeg9@lulu.com,5 Fremont Crossing
587,Waverley de Courcey,Male,134-160-4218,wdega@epa.gov,271 Spaight Junction
588,Sherm Labuschagne,Male,196-263-1187,slabuschagnegb@msu.edu,5 Sunfield Lane
589,Rich Spafford,Male,677-792-0000,rspaffordgc@dell.com,865 Katie Center
590,Bealle Ryall,Male,198-177-9820,bryallgd@rakuten.co.jp,351 Thompson Trail
591,Meg Oglesbee,Female,391-375-3329,moglesbeege@weebly.com,728 Corry Crossing
592,Carma Bohling,Female,133-204-1812,cbohlinggf@spiegel.de,7846 Susan Trail
593,Grace Loan,Female,475-384-4199,gloangg@pcworld.com,811 Prentice Center
594,Philippine Pashby,Non-binary,133-445-6593,ppashbygh@apache.org,242 Graedel Place
595,Brose Attlee,Male,144-508-6574,battleegi@bing.com,04 Bellgrove Center
596,Ella Phipp,Female,672-124-7262,ephippgj@hostgator.com,0 Anzinger Alley
597,Tadio Steptow,Genderfluid,770-230-9236,tsteptowgk@google.de,6 Pleasure Alley
598,Nicholas Rochester,Male,630-272-7699,nrochestergl@csmonitor.com,38772 Becker Center
599,Cally Erangy,Female,683-875-6520,cerangygm@phoca.cz,0 Menomonie Alley
600,Talya Gert,Female,278-303-4618,tgertgn@eepurl.com,599 Blackbird Lane
601,Alfredo O'Dowling,Male,812-314-2154,aodowlinggo@bigcartel.com,3529 Graceland Point
602,Cedric Cheake,Male,826-859-8553,ccheakegp@angelfire.com,11063 Kennedy Pass
603,Tomaso Strugnell,Male,205-664-8126,tstrugnellgq@vimeo.com,346 Montana Center
604,Augustin Doorly,Male,377-976-3511,adoorlygr@youtu.be,22 Ronald Regan Place
605,Meaghan Rosling,Female,507-122-2184,mroslinggs@4shared.com,0018 Schlimgen Street
606,Emmalynn Lepper,Female,620-462-9322,eleppergt@ebay.com,7 Oakridge Center
607,Joli Gregolin,Female,333-989-2578,jgregolingu@wordpress.org,5840 Lerdahl Lane
608,Abbye Mapplebeck,Female,186-175-2772,amapplebeckgv@icq.com,0451 Laurel Pass
609,Chelsea Tunnow,Female,281-622-9531,ctunnowgw@dyndns.org,84814 Larry Pass
610,Emelia Laughlin,Genderfluid,653-860-7364,elaughlingx@unicef.org,149 Shasta Street
611,Odo Shields,Male,553-405-4185,oshieldsgy@aol.com,0 Barby Road
612,Jodi Spiers,Male,993-416-7693,jspiersgz@privacy.gov.au,3 Birchwood Pass
613,Blane Hanmore,Male,212-742-2801,bhanmoreh0@jiathis.com,4 Jenifer Alley
614,Mattheus Olivella,Male,736-339-5141,molivellah1@naver.com,779 Nelson Center
615,Jeremiah Jillett,Male,679-253-8444,jjilletth2@odnoklassniki.ru,0 Oakridge Place
616,Kimberlee Janota,Female,863-383-6837,kjanotah3@opensource.org,9 Onsgard Plaza
617,Loutitia Vile,Female,509-573-1055,lvileh4@dailymail.co.uk,32 Susan Point
618,Lilllie Luscombe,Female,302-186-8625,lluscombeh5@bloglines.com,06 Ilene Parkway
619,Andy Rosettini,Female,668-838-5344,arosettinih6@dailymotion.com,53 Weeping Birch Hill
620,Stavro O'Neal,Male,941-685-1351,sonealh7@walmart.com,9 Sherman Point
621,Porter Acutt,Male,950-708-7618,pacutth8@furl.net,1604 Mitchell Lane
622,Cassi Duffy,Female,360-451-0725,cduffyh9@howstuffworks.com,0 Mockingbird Road
623,Osborn Champ,Male,977-113-1997,ochampha@exblog.jp,0416 Rowland Way
624,Horten Murkitt,Genderfluid,546-914-8844,hmurkitthb@ebay.co.uk,46 Golden Leaf Pass
625,Jacqui Frill,Female,903-197-3351,jfrillhc@over-blog.com,023 Eggendart Pass
626,Berkley Braunds,Male,348-367-0797,bbraundshd@senate.gov,27 Loftsgordon Parkway
627,Creigh Brownell,Male,591-857-1122,cbrownellhe@sphinn.com,42574 Old Shore Crossing
628,Georgi Mapes,Male,468-751-2353,gmapeshf@loc.gov,2 Glendale Park
629,Renie Kittles,Female,525-219-6494,rkittleshg@flickr.com,25 Basil Junction
630,Marci McAvey,Female,825-491-2709,mmcaveyhh@arstechnica.com,4 Dakota Plaza
631,Anna Patnelli,Female,634-287-2045,apatnellihi@example.com,588 Mosinee Place
632,Berne Pymar,Male,613-439-5983,bpymarhj@virginia.edu,91844 Dixon Court
633,Maxie Manson,Female,720-888-3397,mmansonhk@loc.gov,53 Sunbrook Place
634,Nellie Kitman,Agender,405-887-4105,nkitmanhl@state.tx.us,678 Burning Wood Alley
635,Danya Lodovichi,Female,343-170-1199,dlodovichihm@technorati.com,1148 Lien Alley
636,Coralyn Bayles,Female,550-833-9146,cbayleshn@loc.gov,8348 Briar Crest Street
637,Orson Rielly,Male,146-653-8692,oriellyho@newyorker.com,1 Stephen Park
638,Jarrad Laugier,Male,534-332-8720,jlaugierhp@prweb.com,72696 Lakewood Gardens Center
639,Yves Atheis,Agender,445-819-6749,yatheishq@vkontakte.ru,57 Lawn Way
640,Sari Daley,Female,975-251-7813,sdaleyhr@studiopress.com,96 Anzinger Parkway
641,Otto Hazelton,Male,775-661-9647,ohazeltonhs@indiegogo.com,833 Forest Run Crossing
642,Vinson Berardt,Male,879-797-0252,vberardtht@ucla.edu,43 Buhler Parkway
643,Montague Aubery,Male,228-671-0651,mauberyhu@booking.com,554 Hagan Drive
644,Eolande McLugaish,Female,401-258-0928,emclugaishhv@list-manage.com,6527 Westend Center
645,Griffy Goede,Male,125-166-3478,ggoedehw@diigo.com,51 Meadow Ridge Way
646,Ilsa Rootham,Female,411-337-9616,iroothamhx@angelfire.com,1 Clyde Gallagher Circle
647,Bevon Tailby,Male,832-688-6063,btailbyhy@bravesites.com,8515 Nevada Place
648,Salem Lehrer,Male,569-118-8103,slehrerhz@themeforest.net,777 Lyons Parkway
649,Ellyn Layburn,Agender,392-823-7412,elayburni0@desdev.cn,73360 Carberry Street
650,Anna Mewitt,Polygender,951-490-6240,amewitti1@reverbnation.com,5 Sherman Plaza
651,Gertrud Gallymore,Genderqueer,846-687-8918,ggallymorei2@wordpress.org,04696 David Park
652,Fielding Fittes,Male,214-948-0577,ffittesi3@last.fm,2 Anzinger Drive
653,Luella Daybell,Female,769-282-9840,ldaybelli4@people.com.cn,1 Nobel Center
654,Viva Slixby,Female,753-120-5283,vslixbyi5@samsung.com,95691 Maple Wood Park
655,Eddi Jaslem,Female,644-539-5301,ejaslemi6@merriam-webster.com,7 Corry Place
656,Teddie Twinterman,Genderqueer,677-954-1146,ttwintermani7@ucoz.com,7440 Montana Junction
657,Elonore Gildersleeve,Female,568-649-3473,egildersleevei8@ed.gov,72461 Fallview Point
658,Pierette Pignon,Female,735-324-5773,ppignoni9@virginia.edu,6 Badeau Avenue
659,Sibbie Verman,Female,421-130-0971,svermania@salon.com,443 Walton Plaza
660,Rafi Presnell,Male,183-811-6156,rpresnellib@statcounter.com,8 Lighthouse Bay Way
661,Pauletta Gilvear,Agender,715-796-1785,pgilvearic@pen.io,9768 Monument Place
662,Sigismondo Iskower,Male,995-581-9370,siskowerid@ustream.tv,55 Grover Circle
663,Doy Astling,Male,655-127-8856,dastlingie@cocolog-nifty.com,61 Kim Lane
664,Ruthe Bilbrook,Female,376-125-1455,rbilbrookif@google.ca,53 Westerfield Hill
665,Alameda Hambidge,Female,721-115-7413,ahambidgeig@theatlantic.com,7 Sullivan Hill
666,Giulia Pipkin,Female,246-414-8201,gpipkinih@canalblog.com,86002 Bunting Road
667,Tailor Carlesi,Male,710-216-9693,tcarlesiii@sourceforge.net,1 Mifflin Road
668,Laurence Kemston,Male,103-801-9342,lkemstonij@mail.ru,3846 Johnson Alley
669,Kellby Budd,Male,773-261-8737,kbuddik@sourceforge.net,353 Delladonna Place
670,Robbie Southwick,Male,416-675-7865,rsouthwickil@google.pl,76911 Clove Place
671,Richard Paxeford,Male,958-174-0886,rpaxefordim@google.pl,2 International Center
672,Cesar Chillingsworth,Male,957-794-4499,cchillingsworthin@51.la,5 Mifflin Plaza
673,Wally Lushey,Male,227-588-1747,wlusheyio@cdbaby.com,7160 Pennsylvania Drive
674,Erma Meiklam,Agender,481-235-9914,emeiklamip@foxnews.com,7 Saint Paul Hill
675,Royall Torresi,Male,205-732-3352,rtorresiiq@paypal.com,762 Warner Alley
676,Florella Hodinton,Female,533-715-1535,fhodintonir@diigo.com,2 Charing Cross Junction
677,Bentley Westell,Male,373-773-3073,bwestellis@merriam-webster.com,10 Bultman Avenue
678,Charlotte Force,Female,786-277-0463,cforceit@dagondesign.com,16 Independence Circle
679,Wood Kermon,Male,776-709-1734,wkermoniu@free.fr,7847 Fair Oaks Place
680,Amanda Fullick,Bigender,771-117-6786,afullickiv@blogs.com,91 Merry Trail
681,Nonah Orwell,Female,600-752-4505,norwelliw@dailymail.co.uk,1679 Green Street
682,Gawain Purnell,Male,633-796-5306,gpurnellix@hostgator.com,04 Bartillon Street
683,Dionne Verbruggen,Female,926-880-3500,dverbruggeniy@is.gd,1502 Amoth Junction
684,Fey Shepstone,Female,440-642-0687,fshepstoneiz@businessinsider.com,61083 Katie Road
685,Norris Thompson,Male,309-956-3958,nthompsonj0@parallels.com,6033 Sutteridge Hill
686,Broderic Kupke,Male,524-306-9306,bkupkej1@instagram.com,2297 Walton Avenue
687,Tamara Girton,Female,790-606-1493,tgirtonj2@ebay.co.uk,34 Heath Crossing
688,Trula Louys,Female,234-502-7716,tlouysj3@sfgate.com,6 Oakridge Court
689,Chev Tarren,Male,997-502-3299,ctarrenj4@about.me,12217 Vahlen Alley
690,Dall Voak,Male,658-358-3123,dvoakj5@example.com,85231 Acker Hill
691,Miguelita Colcomb,Female,716-735-4896,mcolcombj6@about.com,54 Corben Center
692,Glyn Orpwood,Male,461-953-2512,gorpwoodj7@home.pl,52 Dottie Parkway
693,Ethelbert Armsden,Male,139-598-1734,earmsdenj8@msu.edu,08 Barnett Place
694,Bertina Guinnane,Female,103-532-2658,bguinnanej9@nhs.uk,52 Reindahl Circle
695,Worthy Towner,Male,891-123-6969,wtownerja@epa.gov,8 Trailsway Plaza
696,Carena Coppock.,Female,966-144-2680,ccoppockjb@posterous.com,01976 Butterfield Hill
697,Chen Dickons,Male,206-384-1125,cdickonsjc@discovery.com,54962 Boyd Street
698,Barry Catcherside,Male,830-201-5099,bcatchersidejd@upenn.edu,7570 Gale Parkway
699,Roger Inggall,Male,877-956-6052,ringgallje@vk.com,05 Larry Alley
700,Louisette Puncher,Female,965-387-4870,lpuncherjf@dyndns.org,258 Petterle Plaza
701,Carny Ternott,Male,870-391-0446,cternottjg@slate.com,330 Oakridge Hill
702,Florian Brim,Male,147-415-1480,fbrimjh@hubpages.com,856 Vernon Center
703,Sanders Hanrahan,Male,130-710-4700,shanrahanji@mediafire.com,137 Browning Alley
704,Sal Cheesman,Genderfluid,193-520-9589,scheesmanjj@weibo.com,07 Dawn Junction
705,Cymbre MacNeice,Female,861-463-7678,cmacneicejk@myspace.com,69858 Sachtjen Road
706,Farris Hardie,Male,298-101-8517,fhardiejl@goodreads.com,909 Westend Point
707,Dylan Chelley,Male,329-233-8587,dchelleyjm@xing.com,23017 Village Drive
708,Alwyn Wray,Male,316-573-2495,awrayjn@networksolutions.com,01821 Oak Place
709,Budd Devas,Bigender,218-917-5003,bdevasjo@tumblr.com,27579 Homewood Crossing
710,Michell Zanetello,Female,386-492-6331,mzanetellojp@mapy.cz,087 Hauk Point
711,Rochella Ligerton,Female,812-510-2463,rligertonjq@si.edu,165 Pearson Junction
712,Sena Bolte,Bigender,164-578-0794,sboltejr@technorati.com,715 Havey Hill
713,Shurwood Mahaffey,Agender,686-770-6236,smahaffeyjs@state.tx.us,1 Kropf Plaza
714,Shelton Coleiro,Male,312-795-2847,scoleirojt@wp.com,77 Sheridan Plaza
715,Hedda MacNally,Female,310-658-1372,hmacnallyju@rakuten.co.jp,598 Londonderry Point
716,Gamaliel Trippitt,Genderqueer,733-710-0773,gtrippittjv@wsj.com,94377 Quincy Court
717,Druci Darlison,Female,974-390-4092,ddarlisonjw@facebook.com,61743 Waxwing Court
718,Dorotea Haresnaip,Female,797-613-8360,dharesnaipjx@cafepress.com,13036 Butternut Place
719,Salli Bonin,Female,610-606-8952,sboninjy@usatoday.com,28753 Ilene Pass
720,Christoforo Tomasian,Male,800-518-3998,ctomasianjz@ask.com,9915 Lerdahl Place
721,Kai Renne,Genderfluid,757-434-4442,krennek0@nymag.com,795 Ohio Terrace
722,Alfie Mahaddie,Male,990-351-6575,amahaddiek1@imdb.com,36761 Pond Pass
723,Farris Dudenie,Male,890-289-5223,fdudeniek2@ft.com,2614 Delladonna Place
724,Yance Marzele,Male,355-839-5965,ymarzelek3@google.fr,44740 Karstens Alley
725,Chaunce Connor,Male,487-164-4148,cconnork4@nsw.gov.au,55016 Melby Hill
726,Katy Shoppee,Female,116-361-6626,kshoppeek5@zdnet.com,80354 Quincy Terrace
727,Torrin Mewes,Male,114-581-1667,tmewesk6@networkadvertising.org,4 Farwell Junction
728,Kelila Jerdon,Female,311-347-7981,kjerdonk7@yolasite.com,57531 Iowa Avenue
729,Kennan Aspinell,Male,352-854-2377,kaspinellk8@amazon.com,677 Brown Road
730,Stewart Toby,Male,708-651-6575,stobyk9@usda.gov,037 Oak Valley Court
731,Rubin Downs,Male,781-532-2780,rdownska@goo.ne.jp,87693 Graceland Terrace
732,Jarred Tracy,Male,320-279-3115,jtracykb@weibo.com,7 5th Avenue
733,Aleta Ephson,Female,471-939-6448,aephsonkc@howstuffworks.com,8646 School Road
734,Granger Grumbridge,Male,649-357-3804,ggrumbridgekd@wunderground.com,111 Summerview Place
735,Gwendolyn Harrild,Female,725-122-5926,gharrildke@microsoft.com,1924 Evergreen Road
736,Ianthe Juza,Female,254-620-3653,ijuzakf@reference.com,212 Dayton Avenue
737,Lambert Towne,Male,789-661-9249,ltownekg@geocities.com,4780 Hudson Place
738,Lutero Cappel,Male,613-201-9239,lcappelkh@drupal.org,935 Sachtjen Circle
739,Susi Cullingworth,Female,207-682-4695,scullingworthki@homestead.com,5 Gina Way
740,Edwin Christophersen,Male,938-548-6131,echristophersenkj@webmd.com,2 Mcguire Crossing
741,Noelyn Johanning,Female,179-516-1144,njohanningkk@godaddy.com,73985 Mccormick Point
742,Harlin Capron,Male,183-490-4654,hcapronkl@amazon.de,4617 Redwing Parkway
743,Cherrita Liverock,Female,360-797-6915,cliverockkm@ca.gov,75656 Magdeline Plaza
744,Whitney Marvelley,Female,938-799-1444,wmarvelleykn@woothemes.com,441 South Avenue
745,Ilyse Tuxell,Female,368-473-4188,ituxellko@parallels.com,5489 Westerfield Trail
746,Dall Drabble,Agender,376-116-0531,ddrabblekp@archive.org,7891 Holy Cross Park
747,Damaris Hendrix,Female,117-500-0391,dhendrixkq@bravesites.com,11809 Park Meadow Pass
748,Cullin Cuffley,Bigender,924-730-4348,ccuffleykr@state.tx.us,98 Cascade Junction
749,Brittni Blaylock,Genderfluid,735-561-4835,bblaylockks@tmall.com,6 6th Alley
750,June Joskovitch,Female,152-135-4326,jjoskovitchkt@miibeian.gov.cn,30907 Monument Trail
751,Ashia Naismith,Polygender,918-563-2473,anaismithku@angelfire.com,777 High Crossing Road
752,Gretta Loughead,Female,466-300-8377,glougheadkv@slate.com,90847 Maple Center
753,Drew Meany,Male,399-373-8481,dmeanykw@twitter.com,750 Ryan Street
754,Carlie Colquyte,Female,555-226-8776,ccolquytekx@google.it,454 Novick Center
755,Katti Stanyard,Female,741-513-1511,kstanyardky@amazon.de,5 Manufacturers Avenue
756,Dody Moulsdall,Female,445-344-3628,dmoulsdallkz@toplist.cz,93134 Elgar Pass
757,Flory Luxen,Male,639-512-8356,fluxenl0@sina.com.cn,1877 Scofield Center
758,Gardener Trout,Male,594-182-4483,gtroutl1@salon.com,424 Dahle Plaza
759,Devin Bartoletti,Female,925-614-6619,dbartolettil2@51.la,43085 Miller Park
760,Gabriele Squibbs,Male,330-303-3443,gsquibbsl3@oracle.com,6710 Dottie Alley
761,Ev Luney,Male,284-324-7108,eluneyl4@blinklist.com,427 New Castle Place
762,Carolyne Maciejak,Female,622-786-7727,cmaciejakl5@discovery.com,6337 Sunfield Crossing
763,Brooks Jowitt,Female,438-156-0612,bjowittl6@wsj.com,8542 Mesta Terrace
764,Odilia Winspare,Female,913-341-4025,owinsparel7@php.net,6 Claremont Plaza
765,Desiree Killerby,Female,662-286-9907,dkillerbyl8@over-blog.com,40974 Southridge Crossing
766,Evyn Houdmont,Male,429-793-0103,ehoudmontl9@ihg.com,4 Thompson Way
767,Bernardo Redihalgh,Male,325-393-8749,bredihalghla@weebly.com,97011 Carioca Crossing
768,Aura Olyunin,Female,352-594-5139,aolyuninlb@oaic.gov.au,0 Cherokee Road
769,Mathilde Wield,Female,988-541-3277,mwieldlc@upenn.edu,165 Graceland Way
770,Adolphus Hurd,Non-binary,423-492-7529,ahurdld@economist.com,2845 Namekagon Lane
771,Sheppard Bareham,Male,159-271-9974,sbarehamle@mapquest.com,165 Marquette Avenue
772,Belvia Pieche,Female,403-507-5323,bpiechelf@tripadvisor.com,3460 Ridgeview Hill
773,Tanya Delgardillo,Female,357-204-1682,tdelgardillolg@umich.edu,3 Vernon Plaza
774,Lauren Detoc,Male,470-119-2460,ldetoclh@google.com.au,28242 Di Loreto Crossing
775,Mathian Halvosen,Male,757-280-5883,mhalvosenli@ycombinator.com,9476 Marcy Hill
776,Gardiner McGeever,Polygender,120-147-9836,gmcgeeverlj@craigslist.org,394 Knutson Crossing
777,Avictor Culbard,Male,145-977-8252,aculbardlk@mysql.com,2 Shasta Point
778,Albrecht Ranscomb,Male,588-959-7623,aranscombll@feedburner.com,5882 Saint Paul Parkway
779,Raddie Mucklow,Male,300-212-7709,rmucklowlm@arstechnica.com,15341 Buhler Place
780,Onofredo Littlejohn,Male,134-368-9455,olittlejohnln@google.ru,61103 Troy Lane
781,Gerhardine Gealy,Non-binary,620-717-8877,ggealylo@twitpic.com,224 Crownhardt Pass
782,Savina Pettet,Female,928-969-7404,spettetlp@icio.us,251 Sutteridge Point
783,Jarrad Iacovacci,Genderfluid,899-335-6179,jiacovaccilq@addtoany.com,60127 Fordem Junction
784,Gifford Lavallin,Male,320-976-2555,glavallinlr@prnewswire.com,08 Bonner Alley
785,Fabio Inchan,Male,838-418-3437,finchanls@amazon.co.uk,7697 Twin Pines Plaza
786,Ron Arrighini,Male,231-887-0683,rarrighinilt@4shared.com,972 Upham Avenue
787,Bill Thursby,Male,617-776-5030,bthursbylu@ustream.tv,6 Macpherson Pass
788,Emmaline Foote,Female,626-786-3960,efootelv@ifeng.com,6744 Schlimgen Plaza
789,Sal Armsden,Female,919-969-3560,sarmsdenlw@unblog.fr,2 Onsgard Pass
790,Dex Wolstenholme,Male,230-581-4124,dwolstenholmelx@last.fm,2096 Harbort Pass
791,Sloane Kuller,Male,329-731-9418,skullerly@narod.ru,38079 Vermont Court
792,Avigdor Brunet,Male,764-797-7176,abrunetlz@wikimedia.org,0279 Vernon Park
793,Hayden Schuchmacher,Male,647-469-0503,hschuchmacherm0@soundcloud.com,60 Charing Cross Drive
794,Orelle Bus,Genderfluid,803-144-7474,obusm1@twitter.com,6147 Claremont Avenue
795,Leroy Salerg,Male,588-501-4144,lsalergm2@wp.com,8406 Packers Street
796,Martynne Neenan,Female,376-206-8812,mneenanm3@ucoz.ru,79484 Arkansas Crossing
797,Cecelia Grindley,Female,985-992-1002,cgrindleym4@cdbaby.com,47 Elgar Junction
798,Pancho McKean,Polygender,361-102-7621,pmckeanm5@acquirethisname.com,9364 Badeau Terrace
799,Ronna Dwelling,Female,767-785-5619,rdwellingm6@netlog.com,67 Northwestern Terrace
800,Timothee Maeer,Male,301-529-2194,tmaeerm7@imgur.com,80043 Schmedeman Hill
801,Klarrisa Blaxill,Female,296-366-5836,kblaxillm8@geocities.com,96 Wayridge Pass
802,Averil Hessenthaler,Female,257-813-2711,ahessenthalerm9@usatoday.com,8 Anzinger Hill
803,Had Friese,Male,756-274-6487,hfriesema@arstechnica.com,1930 Evergreen Point
804,Janela Kremer,Female,433-532-2451,jkremermb@homestead.com,470 Maywood Parkway
805,Sari Marlon,Female,933-420-0387,smarlonmc@un.org,729 Atwood Way
806,Vinny Champagne,Female,784-599-4552,vchampagnemd@boston.com,583 Sugar Crossing
807,Ross Rankling,Male,584-210-9544,rranklingme@fastcompany.com,893 Eagan Plaza
808,Caritta Gleasane,Female,287-356-5633,cgleasanemf@i2i.jp,08445 Hayes Trail
809,Ancell Rollings,Male,477-563-0715,arollingsmg@blogtalkradio.com,95 Johnson Terrace
810,Seana Swanne,Female,431-535-7046,sswannemh@whitehouse.gov,6567 Carpenter Point
811,Alon Serjeant,Male,586-954-2463,aserjeantmi@archive.org,6209 Oxford Circle
812,Brucie Ivermee,Male,956-361-9640,bivermeemj@google.fr,9 Barby Lane
813,Haydon MacKeeg,Male,190-637-3082,hmackeegmk@pagesperso-orange.fr,96416 Grim Hill
814,Alphard Baud,Male,965-134-8716,abaudml@tumblr.com,8457 Hooker Avenue
815,Andrey Alderwick,Male,899-463-8086,aalderwickmm@dell.com,22 Little Fleur Trail
816,Jessica Ragot,Female,352-420-9037,jragotmn@a8.net,38 Bellgrove Circle
817,Sheelah Plessing,Female,276-682-1283,splessingmo@multiply.com,5161 Buena Vista Junction
818,Bank Brigshaw,Male,490-461-0599,bbrigshawmp@nbcnews.com,2 Del Mar Place
819,Olia Frosch,Female,554-387-9195,ofroschmq@harvard.edu,9605 Dexter Park
820,Rab Skellern,Bigender,954-534-5926,rskellernmr@mapy.cz,648 Buhler Park
821,Brooks Romaine,Female,638-199-6160,bromainems@amazon.com,62200 Lukken Point
822,Jacobo Creus,Male,499-474-6890,jcreusmt@blogs.com,01140 Logan Pass
823,Martynne Elverstone,Female,838-299-5473,melverstonemu@soundcloud.com,8282 Bobwhite Crossing
824,Derrick Trousdale,Male,105-601-5568,dtrousdalemv@wikipedia.org,0664 Daystar Road
825,Marni Doul,Female,504-975-5740,mdoulmw@nymag.com,41744 Meadow Valley Park
826,Ted Chapelhow,Female,536-857-7038,tchapelhowmx@sphinn.com,65509 Pierstorff Street
827,Tuesday Lippi,Female,106-871-4519,tlippimy@ovh.net,1939 Carpenter Way
828,Natty Dono,Female,880-496-7434,ndonomz@wikia.com,4190 Old Gate Hill
829,Eldridge Weben,Male,614-160-6068,ewebenn0@ifeng.com,1 Moland Court
830,Denise Redemile,Bigender,485-430-9736,dredemilen1@alexa.com,8 Dahle Parkway
831,Larisa McVitty,Female,780-857-6357,lmcvittyn2@ehow.com,8620 Debs Pass
832,Garland Waple,Female,131-707-3491,gwaplen3@prlog.org,1 Farmco Plaza
833,Neill Spoerl,Male,459-495-8472,nspoerln4@cyberchimps.com,189 Debs Hill
834,Zebadiah McGilmartin,Genderqueer,434-844-6560,zmcgilmartinn5@unblog.fr,97691 Roxbury Avenue
835,Andria Halloran,Female,603-782-1754,ahallorann6@quantcast.com,3807 Pierstorff Trail
836,Federica Lenglet,Female,510-732-1152,flengletn7@loc.gov,84 Comanche Hill
837,Budd Godwin,Male,548-344-1912,bgodwinn8@usatoday.com,4975 Oakridge Terrace
838,Henrie Calfe,Female,235-320-1183,hcalfen9@indiatimes.com,44106 Fallview Hill
839,Dotty Litchmore,Non-binary,788-643-3273,dlitchmorena@fema.gov,35080 Coolidge Drive
840,Eleonore Bunting,Female,510-253-5172,ebuntingnb@google.com.au,8 Blue Bill Park Terrace
841,Gilda McIlvenna,Female,217-752-1313,gmcilvennanc@census.gov,315 Tomscot Crossing
842,Lin Arnson,Female,640-289-1000,larnsonnd@qq.com,3513 Cherokee Center
843,Dolli Blakden,Female,428-243-1154,dblakdenne@usa.gov,31 Goodland Junction
844,Glennie Blackall,Female,920-972-9931,gblackallnf@desdev.cn,7351 Stoughton Pass
845,Sosanna Dami,Female,143-454-8179,sdaming@jigsy.com,26312 Amoth Court
846,Cyb Eshelby,Female,280-255-8383,ceshelbynh@prlog.org,21 Hermina Park
847,Dode Chittem,Female,279-261-9201,dchittemni@technorati.com,57386 Lawn Court
848,Maxine Orrocks,Genderqueer,250-461-6336,morrocksnj@ocn.ne.jp,35 Brentwood Trail
849,Alberik Hughlock,Male,955-367-7283,ahughlocknk@fda.gov,5524 Service Plaza
850,Aubrey Syder,Male,736-512-1884,asydernl@ifeng.com,309 Stephen Parkway
851,Anatola Diss,Female,460-365-8142,adissnm@hugedomains.com,29 Dunning Avenue
852,Annice Linsley,Female,747-155-6588,alinsleynn@scribd.com,1 Sugar Lane
853,Madeline Cansfield,Female,142-303-0321,mcansfieldno@craigslist.org,4175 Rockefeller Drive
854,Evangelina Gather,Female,373-586-2940,egathernp@state.gov,63 Farragut Terrace
855,Dasie Prydden,Female,251-480-2413,dpryddennq@newsvine.com,7 Sutteridge Street
856,Teresita Harken,Female,480-396-6912,tharkennr@people.com.cn,3911 Arapahoe Point
857,Rhys Tooby,Male,722-230-5142,rtoobyns@shinystat.com,60684 Prentice Alley
858,Saundra O'Dee,Female,895-766-0991,sodeent@army.mil,3523 Erie Terrace
859,Weidar Brosio,Male,912-683-8312,wbrosionu@hc360.com,57 Moland Court
860,Jennica Ablett,Female,469-721-3079,jablettnv@un.org,9487 Eastwood Terrace
861,Maribeth Wilshire,Female,381-210-6976,mwilshirenw@techcrunch.com,2 Walton Hill
862,Garey Trubshawe,Male,391-643-6762,gtrubshawenx@businessinsider.com,50346 Mallory Crossing
863,Lorena Arderne,Female,432-882-7133,larderneny@usa.gov,84241 Dwight Trail
864,Edgar Thredder,Male,299-186-0642,ethreddernz@linkedin.com,13649 Utah Center
865,Ermin Coote,Male,402-789-0069,ecooteo0@japanpost.jp,14 Huxley Drive
866,Erick Brise,Male,224-368-3157,ebriseo1@quantcast.com,548 Westport Point
867,Galven Avarne,Male,623-285-6422,gavarneo2@bizjournals.com,496 Acker Point
868,Gerianne Tesimon,Female,429-194-3175,gtesimono3@godaddy.com,52403 Hauk Drive
869,Car Bett,Male,416-234-6540,cbetto4@jalbum.net,4277 Green Ridge Avenue
870,Theodor Bilsford,Male,414-283-3150,tbilsfordo5@fema.gov,31 Sachs Alley
871,Jayson Vennings,Male,588-942-2448,jvenningso6@macromedia.com,3 Mccormick Place
872,Paulo Mercik,Male,313-631-0081,pmerciko7@blog.com,50 Algoma Court
873,Karil Barosch,Female,695-170-2882,kbaroscho8@state.gov,99555 Maple Wood Junction
874,Laural Lyst,Female,393-742-1660,llysto9@theatlantic.com,4519 Di Loreto Circle
875,Frederic Brodest,Male,231-613-2061,fbrodestoa@telegraph.co.uk,284 Kedzie Alley
876,Winona Avramovic,Female,913-126-5906,wavramovicob@wikispaces.com,7182 Gina Trail
877,Gardiner Matschuk,Male,735-701-4281,gmatschukoc@mtv.com,372 Fieldstone Lane
878,Demetri Quartermaine,Polygender,280-547-1145,dquartermaineod@ocn.ne.jp,97 Oxford Park
879,Damara Adne,Female,871-819-6415,dadneoe@ocn.ne.jp,20 Mayfield Place
880,Wain Chesher,Male,127-987-6885,wchesherof@blinklist.com,65565 Coolidge Parkway
881,Rolfe Cash,Male,969-357-3711,rcashog@comcast.net,09324 Milwaukee Pass
882,Tamiko Butts,Female,645-279-8415,tbuttsoh@time.com,967 Eagle Crest Road
883,Skell Renowden,Male,590-884-9529,srenowdenoi@tumblr.com,25 American Parkway
884,Millicent McCane,Bigender,614-494-8089,mmccaneoj@theglobeandmail.com,50893 Lunder Trail
885,Larisa Hazart,Female,136-577-3178,lhazartok@altervista.org,9 Atwood Point
886,Neilla Vyse,Female,339-717-7796,nvyseol@google.com.br,84938 Hanson Road
887,Bunny Ganing,Female,154-604-4861,bganingom@timesonline.co.uk,970 Elgar Center
888,Lock Puckinghorne,Male,807-440-1967,lpuckinghorneon@redcross.org,23 Carioca Alley
889,Wynnie Windham,Female,473-245-4418,wwindhamoo@netlog.com,336 Prentice Avenue
890,Shem Mayze,Male,279-852-0568,smayzeop@gov.uk,2113 Basil Road
891,Wernher Wharram,Male,612-848-0394,wwharramoq@godaddy.com,33 Commercial Place
892,Elise Posner,Female,337-765-7304,eposneror@cyberchimps.com,91 Clove Point
893,Anet Dyzart,Genderqueer,747-475-2793,adyzartos@github.io,87 Schmedeman Crossing
894,Shari McCusker,Female,830-511-8775,smccuskerot@histats.com,505 5th Road
895,Kiel Pentland,Male,782-573-9032,kpentlandou@miitbeian.gov.cn,07 Derek Center
896,Sholom Piquard,Male,559-179-5991,spiquardov@washington.edu,02989 Mccormick Court
897,Meghann Keach,Female,794-538-3855,mkeachow@slideshare.net,7546 Loeprich Alley
898,Baird Kitchiner,Male,766-348-4720,bkitchinerox@umn.edu,3 Eggendart Court
899,Adrianne Greenrde,Female,397-939-8847,agreenrdeoy@google.ca,8 Northwestern Trail
900,Gusti Jendrusch,Female,710-358-7266,gjendruschoz@ed.gov,3 Welch Crossing
901,Peter Dalgety,Male,411-418-2762,pdalgetyp0@senate.gov,9643 Ryan Avenue
902,Riane Fleeming,Female,734-543-8907,rfleemingp1@google.com,08643 Anzinger Street
903,Wilmar Rushsorth,Male,832-292-2660,wrushsorthp2@upenn.edu,72483 Warbler Circle
904,Webb Eglaise,Male,446-738-3002,weglaisep3@ibm.com,975 Westend Alley
905,Roseann Abrahamian,Female,860-914-3342,rabrahamianp4@deviantart.com,6628 Mendota Avenue
906,Papageno Constantine,Male,781-463-5865,pconstantinep5@army.mil,3 Summer Ridge Street
907,Anita Soldan,Female,665-116-6625,asoldanp6@ibm.com,8398 Shoshone Junction
908,Aristotle Furmonger,Male,504-173-5066,afurmongerp7@eventbrite.com,088 Transport Drive
909,Ingrim Swaton,Male,805-437-3911,iswatonp8@wunderground.com,45220 Cordelia Pass
910,Maryanne Lochran,Female,494-335-2566,mlochranp9@uol.com.br,910 Hoffman Avenue
911,Rick Lloyd,Male,911-274-5891,rlloydpa@sogou.com,82097 Russell Road
912,Fiorenze Richin,Female,426-609-0842,frichinpb@discuz.net,693 Hayes Way
913,Letisha Penhaligon,Female,656-641-4555,lpenhaligonpc@clickbank.net,776 International Crossing
914,Caryl Danielsen,Male,360-894-4413,cdanielsenpd@smugmug.com,9 Debra Lane
915,Bat Riddall,Male,787-492-3195,briddallpe@latimes.com,0166 Shopko Lane
916,Coraline Glazebrook,Female,356-671-8333,cglazebrookpf@yelp.com,85 La Follette Trail
917,Rowney Smout,Male,843-313-2492,rsmoutpg@mit.edu,0 Westend Center
918,Clarie Olennikov,Female,467-167-4009,colennikovph@merriam-webster.com,5 Claremont Point
919,Shelba Damp,Female,948-238-4923,sdamppi@pagesperso-orange.fr,46454 4th Crossing
920,Kincaid Ritmeyer,Non-binary,186-315-4064,kritmeyerpj@goo.gl,21790 Arapahoe Pass
921,Rudolfo Salzberg,Male,364-795-8036,rsalzbergpk@howstuffworks.com,579 Union Center
922,Adel Surcombe,Female,497-340-5523,asurcombepl@un.org,68604 Walton Road
923,Mohandis Chastey,Male,828-374-3103,mchasteypm@spiegel.de,4174 Atwood Court
924,Kienan Sermin,Male,489-238-7265,kserminpn@reddit.com,18 Rieder Trail
925,Ulrike Olivari,Female,911-270-6234,uolivaripo@parallels.com,01580 Grasskamp Point
926,Hyacinthie Gentiry,Female,829-923-9519,hgentirypp@yellowpages.com,243 Anzinger Trail
927,Clarance Danigel,Male,292-740-2932,cdanigelpq@blogs.com,2380 Moland Alley
928,Pren Ratie,Male,335-755-2123,pratiepr@cnet.com,6 Crownhardt Hill
929,Emmalee Mylchreest,Female,781-871-4891,emylchreestps@sina.com.cn,5 Scofield Crossing
930,Charmain Twyning,Female,505-955-0556,ctwyningpt@spiegel.de,07 Cardinal Terrace
931,Nellie Hayesman,Female,822-465-8941,nhayesmanpu@psu.edu,796 Merrick Place
932,Chas McCanny,Male,234-665-6421,cmccannypv@1688.com,7888 Old Shore Plaza
933,Amerigo Bunn,Male,591-181-1656,abunnpw@edublogs.org,55 Union Trail
934,Ric Thick,Male,612-599-7260,rthickpx@telegraph.co.uk,2 Ruskin Court
935,Gaylene Rea,Female,807-227-4876,greapy@bandcamp.com,84 Garrison Hill
936,Sean Whittuck,Male,344-189-1101,swhittuckpz@taobao.com,7 Springview Park
937,Sean Baptista,Female,551-673-9821,sbaptistaq0@bluehost.com,2 Roxbury Street
938,Dory Leahy,Male,467-788-2898,dleahyq1@constantcontact.com,99718 Saint Paul Hill
939,Jesse Gorvette,Male,526-937-1354,jgorvetteq2@uol.com.br,281 Atwood Lane
940,Nick Sapauton,Male,990-485-2766,nsapautonq3@samsung.com,02592 Steensland Alley
941,Jemimah Davion,Female,614-555-9911,jdavionq4@cyberchimps.com,65939 Starling Pass
942,Neile Goalley,Female,181-287-5259,ngoalleyq5@hp.com,3199 Hoepker Road
943,Bax Madgin,Male,227-660-3125,bmadginq6@ask.com,38 Trailsway Junction
944,Candida Vairow,Female,405-263-5541,cvairowq7@nbcnews.com,9 Glendale Plaza
945,Chane Chichgar,Male,571-270-1050,cchichgarq8@epa.gov,644 Oxford Trail
946,Elysee Andrassy,Bigender,735-449-4910,eandrassyq9@mail.ru,0 Kenwood Junction
947,Tallulah Mabbs,Female,137-651-8930,tmabbsqa@berkeley.edu,7461 Toban Trail
948,Mikaela Raveau,Female,539-692-7918,mraveauqb@delicious.com,66 Morrow Point
949,Sandye Gruby,Female,291-298-1404,sgrubyqc@surveymonkey.com,2 Onsgard Lane
950,Boyd O'Rowane,Male,131-470-3349,borowaneqd@tripadvisor.com,043 Banding Trail
951,Conan Zorer,Genderfluid,584-131-0487,czorerqe@angelfire.com,8845 Bayside Plaza
952,Cyndy Wrought,Female,973-541-9256,cwroughtqf@dot.gov,21619 Clarendon Plaza
953,Madelena Devaney,Female,601-854-3575,mdevaneyqg@dell.com,902 Little Fleur Place
954,Irma Ughelli,Female,386-357-6746,iughelliqh@ebay.co.uk,52 Nevada Plaza
955,Aurilia Swane,Female,823-248-3346,aswaneqi@prlog.org,15 Barnett Road
956,Fritz Papaminas,Male,840-763-8753,fpapaminasqj@patch.com,62 Duke Terrace
957,Rancell Morrow,Male,864-271-8381,rmorrowqk@nba.com,78 Veith Junction
958,Zandra Kay,Female,443-508-7405,zkayql@blogtalkradio.com,8 Village Place
959,Alessandro Abbess,Male,844-645-0587,aabbessqm@diigo.com,89 Quincy Parkway
960,Arlee Faust,Female,946-495-9196,afaustqn@mtv.com,2 Dayton Hill
961,Elna Towlson,Female,521-844-3929,etowlsonqo@washington.edu,0 Gale Lane
962,Amby Style,Male,814-245-6485,astyleqp@psu.edu,936 Cherokee Park
963,Vanya Fitter,Male,301-746-1961,vfitterqq@blinklist.com,87713 Northport Crossing
964,Gram Dungay,Male,463-625-1741,gdungayqr@google.com,75 Anthes Avenue
965,Paule Preble,Female,549-186-4124,pprebleqs@opera.com,3906 Warrior Park
966,Karine Madders,Female,193-646-7690,kmaddersqt@hao123.com,1075 American Parkway
967,Elwyn Steynor,Male,151-975-1278,esteynorqu@admin.ch,14 Northport Center
968,Mitch Dunabie,Genderfluid,646-721-3562,mdunabieqv@dyndns.org,58985 Coolidge Court
969,Chauncey Gavrielly,Male,980-564-1380,cgavriellyqw@bing.com,404 Declaration Plaza
970,Jaimie Mettricke,Genderqueer,262-349-6505,jmettrickeqx@webmd.com,53960 Kensington Street
971,Royall Kinleyside,Male,816-775-7092,rkinleysideqy@mail.ru,748 Jana Park
972,Tommie Tettersell,Female,599-593-6565,ttettersellqz@forbes.com,6888 Banding Plaza
973,Katalin Hamlett,Female,991-779-2953,khamlettr0@elpais.com,0 Beilfuss Drive
974,Hilliary McGrey,Female,924-989-9554,hmcgreyr1@yolasite.com,6 Armistice Terrace
975,Rubie Kellitt,Female,806-217-7759,rkellittr2@nps.gov,2 Alpine Street
976,Germana Ferebee,Female,189-711-8983,gferebeer3@addtoany.com,15241 Anthes Crossing
977,Valentino Siberry,Male,846-332-4672,vsiberryr4@wsj.com,6103 Homewood Lane
978,Beatrice Sandes,Female,633-394-7242,bsandesr5@wunderground.com,2 Portage Alley
979,Maddie Weedon,Male,765-747-3677,mweedonr6@clickbank.net,21000 Melody Pass
980,Lilia Tapping,Female,146-851-0339,ltappingr7@woothemes.com,3 Portage Center
981,Erica Ilyuchyov,Polygender,336-965-6261,eilyuchyovr8@vkontakte.ru,4199 Thompson Court
982,Sissy Gurley,Female,197-454-8654,sgurleyr9@tinyurl.com,18715 Bobwhite Drive
983,Jasun Squelch,Male,470-439-5358,jsquelchra@nydailynews.com,89 Montana Court
984,Harlen Sander,Male,247-254-6346,hsanderrb@addtoany.com,8089 Anderson Circle
985,Quintana Cusick,Genderfluid,753-905-8477,qcusickrc@odnoklassniki.ru,2307 Katie Terrace
986,Essy Giacopazzi,Female,657-134-8895,egiacopazzird@people.com.cn,636 Meadow Valley Drive
987,Mireille Allmann,Female,656-680-4403,mallmannre@weebly.com,19 Lotheville Way
988,Dur Stean,Male,526-708-9568,dsteanrf@aboutads.info,18510 Northview Crossing
989,Giacinta Tulloch,Female,528-473-9705,gtullochrg@clickbank.net,22 Montana Center
990,Shannan Lebourn,Male,368-306-7464,slebournrh@acquirethisname.com,15 Boyd Point
991,Prisca Orta,Female,646-810-6530,portari@arizona.edu,377 Brentwood Alley
992,Cammi Cattow,Female,543-912-3344,ccattowrj@soundcloud.com,11782 Westridge Parkway
993,Marilin Ashmole,Female,512-925-4971,mashmolerk@webs.com,6 Veith Trail
994,Cody Spackman,Female,682-220-8171,cspackmanrl@newyorker.com,38 Springview Road
995,Yale Duddle,Male,673-196-9833,yduddlerm@geocities.com,2735 Waxwing Street
996,Jodi Linthead,Female,462-534-5830,jlintheadrn@unc.edu,66340 International Center
997,Sue Capstack,Female,736-406-3403,scapstackro@home.pl,17 Holmberg Alley
998,Bridgette Lafferty,Female,611-511-6907,blaffertyrp@artisteer.com,94 Scoville Center
999,Beniamino Scowcroft,Male,488-471-2402,bscowcroftrq@scribd.com,664 Kennedy Parkway
1000,Gibb Escofier,Male,988-171-2114,gescofierrr@imdb.com,7635 Duke Lane
